Service_point_name,week,actual,predicted
Ica Nära Krysset,46,0.117647059,0.138888893
Ica Nära Krysset,47,0.076086959,0.117647059
Ica Nära Krysset,48,0.063492066,0.076086959
Ica Nära Krysset,49,0.129870125,0.063492066
Ica Nära Krysset,50,0.133333334,0.129870125
Ica Nära Krysset,51,0.043478261,0.133333334
Ica Nära Krysset,52,0.10909091,0.043478261
Ica Nära Krysset,53,0.136363641,0.10909091
Ica Nära Krysset,54,0.180000001,0.136363641
Ica Nära Krysset,55,0.045454546,0.180000001
Ica Nära Krysset,56,0.039215686,0.045454546
Ica Nära Krysset,57,0.090909094,0.039215686
Ica Nära Krysset,58,0.037735849,0.090909094
Ica Nära Krysset,59,0.130434785,0.037735849
Ica Nära Krysset,60,0.129870135,0.130434785
Ica Nära Krysset,61,0.07272727,0.129870135
Ica Nära Krysset,62,0.031746031,0.07272727
Ica Nära Krysset,63,0.033333334,0.031746031
Ica Nära Krysset,64,0.05050505,0.033333334
Ica Nära Krysset,65,0.161904761,0.05050505
Ica Nära Krysset,66,0.19642857,0.161904761
Ica Nära Krysset,67,0.153153151,0.19642857
Ica Nära Krysset,68,0.109375003,0.153153151
Ica Nära Krysset,69,0.138888892,0.109375003
Ica Nära Krysset,70,0.052173913,0.138888892
Ica Nära Krysset,71,0.020833334,0.052173913
Ica Nära Krysset,72,0.040540541,0.020833334
Ica Nära Krysset,73,0.033333333,0.040540541
Ica Nära Krysset,74,0.01754386,0.033333333
Ica Nära Krysset,75,0.032786886,0.01754386
Ica Nära Krysset,76,0.069767439,0.032786886
Ica Nära Krysset,77,0,0.069767439
Ica Nära Krysset,78,0.032258065,0
Ica Nära Krysset,79,0,0.032258065
Ica Nära Knuten,46,0.103448279,0.142857149
Ica Nära Knuten,47,0.100000001,0.103448279
Ica Nära Knuten,48,0.1875,0.100000001
Ica Nära Knuten,49,0.181818187,0.1875
Ica Nära Knuten,50,0.181818187,0.181818187
Ica Nära Knuten,51,0.159090906,0.181818187
Ica Nära Knuten,52,0.125,0.159090906
Ica Nära Knuten,53,0.083333336,0.125
Ica Nära Knuten,54,0.071428575,0.083333336
Ica Nära Knuten,55,0.0625,0.071428575
Ica Nära Knuten,56,0.03846154,0.0625
Ica Nära Knuten,57,0.033333335,0.03846154
Ica Nära Knuten,58,0.052631579,0.033333335
Ica Nära Knuten,59,0.0625,0.052631579
Ica Nära Knuten,60,0.090909094,0.0625
Ica Nära Knuten,61,0.100000001,0.090909094
Ica Nära Knuten,62,0,0.100000001
Ica Nära Knuten,63,0.117647059,0
Ica Nära Knuten,64,0.125,0.117647059
Ica Nära Knuten,65,0.108108111,0.125
Ica Nära Knuten,66,0.097560972,0.108108111
Ica Nära Knuten,67,0.121212125,0.097560972
Ica Nära Knuten,68,0.150000006,0.121212125
Ica Nära Knuten,69,0.075000003,0.150000006
Ica Nära Knuten,70,0.155172408,0.075000003
Ica Nära Knuten,71,0.07692308,0.155172408
Ica Nära Knuten,72,0,0.07692308
Ica Nära Knuten,73,0.035714287,0
Ica Nära Knuten,74,0,0.035714287
Ica Nära Knuten,75,0.035714287,0
Ica Nära Knuten,76,0.13636364,0.035714287
Ica Nära Knuten,77,0,0.13636364
Ica Nära Knuten,78,0,0
Ica Nära Knuten,79,0,0
Sh Macken Vänge,46,0.140495864,0.136956332
Sh Macken Vänge,47,0.154471548,0.141132841
Sh Macken Vänge,48,0.170454548,0.160317258
Sh Macken Vänge,49,0.144144152,0.173745826
Sh Macken Vänge,50,0.121495327,0.130160798
Sh Macken Vänge,51,0.131147545,0.120611727
Sh Macken Vänge,52,0.136363632,0.136062684
Sh Macken Vänge,53,0.070422536,0.135443084
Sh Macken Vänge,54,0.117021281,0.041458064
Sh Macken Vänge,55,0.056179775,0.157132013
Sh Macken Vänge,56,0.02247191,0.002288236
Sh Macken Vänge,57,0.082191784,0.043097622
Sh Macken Vänge,58,0.064102566,0.095296415
Sh Macken Vänge,59,0.156862747,0.047297695
Sh Macken Vänge,60,0.11940299,0.209612263
Sh Macken Vänge,61,0.060606063,0.067615568
Sh Macken Vänge,62,0.108108113,0.06858359
Sh Macken Vänge,63,0.051094891,0.124121959
Sh Macken Vänge,64,0.086666667,0.014902783
Sh Macken Vänge,65,0.142857144,0.126625506
Sh Macken Vänge,66,0.157303372,0.141555992
Sh Macken Vänge,67,0.055999999,0.164645602
Sh Macken Vänge,68,0.091503268,0.005694963
Sh Macken Vänge,69,0.096385542,0.140791874
Sh Macken Vänge,70,0.061728397,0.065884281
Sh Macken Vänge,71,0.078313253,0.066414594
Sh Macken Vänge,72,0.071428571,0.082643523
Sh Macken Vänge,73,0.047619048,0.065468664
Sh Macken Vänge,74,0.012987014,0.040893262
Sh Macken Vänge,75,0.024390244,0.001915232
Sh Macken Vänge,76,0.066666668,0.036848103
Sh Macken Vänge,77,0.014663599,0.077365175
Sh Macken Vänge,78,0,-0.015755988
Sh Macken Vänge,79,0,0.013599268
Ica Nära Tärnsjö,46,0.13333334,0.034678797
Ica Nära Tärnsjö,47,0,0.034678797
Ica Nära Tärnsjö,48,0.102564104,0.034678797
Ica Nära Tärnsjö,49,0.079999998,0.034678797
Ica Nära Tärnsjö,50,0.195121944,0.034678797
Ica Nära Tärnsjö,51,0.051282052,0.034678797
Ica Nära Tärnsjö,52,0.172413796,0.034678797
Ica Nära Tärnsjö,53,0.15384616,0.034678797
Ica Nära Tärnsjö,54,0.204545453,0.034678797
Ica Nära Tärnsjö,55,0.06666667,0.034678797
Ica Nära Tärnsjö,56,0.027777778,0.034678797
Ica Nära Tärnsjö,57,0.05882353,0.034678797
Ica Nära Tärnsjö,58,0,0.034678797
Ica Nära Tärnsjö,59,0.071428575,0.034678797
Ica Nära Tärnsjö,60,0.06779661,0.034678797
Ica Nära Tärnsjö,61,0.157894731,0.034678797
Ica Nära Tärnsjö,62,0.06666667,0.034678797
Ica Nära Tärnsjö,63,0.108108111,0.034678797
Ica Nära Tärnsjö,64,0.030303031,0.034678797
Ica Nära Tärnsjö,65,0.073170729,0.034678797
Ica Nära Tärnsjö,66,0.17741935,0.034678797
Ica Nära Tärnsjö,67,0.051282052,0.034678797
Ica Nära Tärnsjö,68,0.176470593,0.034678797
Ica Nära Tärnsjö,69,0.155339807,0.034678797
Ica Nära Tärnsjö,70,0.129411772,0.034678797
Ica Nära Tärnsjö,71,0.232558146,0.034678797
Ica Nära Tärnsjö,72,0.079999998,0.034678797
Ica Nära Tärnsjö,73,0.050000001,0.034678797
Ica Nära Tärnsjö,74,0.040816326,0.034678797
Ica Nära Tärnsjö,75,0,0.034678797
Ica Nära Tärnsjö,76,0.033333335,0.034678797
Ica Nära Tärnsjö,77,0,0.034678797
Ica Nära Tärnsjö,78,0,0.034678797
Ica Nära Tärnsjö,79,0,0.034678797
Hemköp Östervåla,46,0.094339625,0.07871225
Hemköp Östervåla,47,0.137931036,0.044248974
Hemköp Östervåla,48,0.215686278,0.14717608
Hemköp Östervåla,49,0.122950821,0.212078898
Hemköp Östervåla,50,0.108910893,0.188813216
Hemköp Östervåla,51,0.113636362,0.069296707
Hemköp Östervåla,52,0.086206899,0.10549864
Hemköp Östervåla,53,0.192982458,0.097017759
Hemköp Östervåla,54,0.162790698,0.146612089
Hemköp Östervåla,55,0.016393443,0.222884149
Hemköp Östervåla,56,0.051282051,0.047801825
Hemköp Östervåla,57,0.014705882,-0.029077954
Hemköp Östervåla,58,0.01724138,0.042685601
Hemköp Östervåla,59,0.03773585,-0.000904973
Hemköp Östervåla,60,0.166666672,0.032536541
Hemköp Östervåla,61,0.070588232,0.136113609
Hemköp Östervåla,62,0.062500002,0.161776211
Hemköp Östervåla,63,0.040404042,0.019440404
Hemköp Östervåla,64,0.042372881,0.043469042
Hemköp Östervåla,65,0.02,0.031273968
Hemköp Östervåla,66,0.163793105,0.027923282
Hemköp Östervåla,67,0.118343195,0.108257914
Hemköp Östervåla,68,0.170000003,0.200766885
Hemköp Östervåla,69,0.058823529,0.132298183
Hemköp Östervåla,70,0.073529415,0.118063852
Hemköp Östervåla,71,0.078124999,0.01618554
Hemköp Östervåla,72,0.057142859,0.083666868
Hemköp Östervåla,73,0.050000001,0.065877995
Hemköp Östervåla,74,0.027522937,0.04227599
Hemköp Östervåla,75,0.019607843,0.031155542
Hemköp Östervåla,76,0,0.011415777
Hemköp Östervåla,77,0,0.002369878
Hemköp Östervåla,78,0,-0.009303326
Hemköp Östervåla,79,0,1.60982E-21
Ica Kvantum Knivsta,46,0.208530807,0.168316835
Ica Kvantum Knivsta,47,0.183760686,0.208530807
Ica Kvantum Knivsta,48,0.120833336,0.183760686
Ica Kvantum Knivsta,49,0.096153848,0.120833336
Ica Kvantum Knivsta,50,0.123333336,0.096153848
Ica Kvantum Knivsta,51,0.113445379,0.123333336
Ica Kvantum Knivsta,52,0.146496817,0.113445379
Ica Kvantum Knivsta,53,0.155172416,0.146496817
Ica Kvantum Knivsta,54,0.15646259,0.155172416
Ica Kvantum Knivsta,55,0.077519382,0.15646259
Ica Kvantum Knivsta,56,0.036231884,0.077519382
Ica Kvantum Knivsta,57,0.097560978,0.036231884
Ica Kvantum Knivsta,58,0.0375,0.097560978
Ica Kvantum Knivsta,59,0.078125002,0.0375
Ica Kvantum Knivsta,60,0.028735633,0.078125002
Ica Kvantum Knivsta,61,0.060606062,0.028735633
Ica Kvantum Knivsta,62,0.078571431,0.060606062
Ica Kvantum Knivsta,63,0.044025159,0.078571431
Ica Kvantum Knivsta,64,0.094972067,0.044025159
Ica Kvantum Knivsta,65,0.084142396,0.094972067
Ica Kvantum Knivsta,66,0.074829933,0.084142396
Ica Kvantum Knivsta,67,0.115015977,0.074829933
Ica Kvantum Knivsta,68,0.116580313,0.115015977
Ica Kvantum Knivsta,69,0.102902375,0.116580313
Ica Kvantum Knivsta,70,0.11614731,0.102902375
Ica Kvantum Knivsta,71,0.131764705,0.11614731
Ica Kvantum Knivsta,72,0.123636368,0.131764705
Ica Kvantum Knivsta,73,0.087500002,0.123636368
Ica Kvantum Knivsta,74,0.074766357,0.087500002
Ica Kvantum Knivsta,75,0.025641027,0.074766357
Ica Kvantum Knivsta,76,0.036496351,0.025641027
Ica Kvantum Knivsta,77,0.019126669,0.036496351
Ica Kvantum Knivsta,78,0,0.019126669
Ica Kvantum Knivsta,79,0,0
Willys Knivsta,46,0.198473282,0.297652605
Willys Knivsta,47,0.152542374,0.116010151
Willys Knivsta,48,0.174603173,0.110406995
Willys Knivsta,49,0.086538463,0.164325266
Willys Knivsta,50,0.110429447,0.02790681
Willys Knivsta,51,0.099099099,0.122086068
Willys Knivsta,52,0.109890112,0.082939697
Willys Knivsta,53,0.20588236,0.108107614
Willys Knivsta,54,0.041666667,0.228550128
Willys Knivsta,55,0.066666668,-0.056428651
Willys Knivsta,56,0.088607596,0.096684706
Willys Knivsta,57,0.067567569,0.094419414
Willys Knivsta,58,0.066666669,0.055151726
Willys Knivsta,59,0.020833333,0.069591102
Willys Knivsta,60,0.077586208,0.006628708
Willys Knivsta,61,0.045045045,0.114250333
Willys Knivsta,62,0.117241381,0.028061412
Willys Knivsta,63,0.063829786,0.152508924
Willys Knivsta,64,0.09352518,0.028250036
Willys Knivsta,65,0.096551727,0.11095732
Willys Knivsta,66,0.114649685,0.089561159
Willys Knivsta,67,0.17073171,0.11499537
Willys Knivsta,68,0.154696137,0.177985439
Willys Knivsta,69,0.112500001,0.119861294
Willys Knivsta,70,0.12834225,0.078533231
Willys Knivsta,71,0.103286385,0.126594625
Willys Knivsta,72,0.097222221,0.078825692
Willys Knivsta,73,0.064516129,0.089433217
Willys Knivsta,74,0.050632912,0.047246929
Willys Knivsta,75,0.013157895,0.050572002
Willys Knivsta,76,0.028169016,0.006883932
Willys Knivsta,77,0,0.05169832
Willys Knivsta,78,0,0.000570902
Willys Knivsta,79,0,0.021345942
Coop Östhammar Centrum,46,0.141176472,0.104000003
Coop Östhammar Centrum,47,0.137440761,0.141176472
Coop Östhammar Centrum,48,0.090425533,0.137440761
Coop Östhammar Centrum,49,0.089385477,0.090425533
Coop Östhammar Centrum,50,0.082840239,0.089385477
Coop Östhammar Centrum,51,0.084415585,0.082840239
Coop Östhammar Centrum,52,0.147887328,0.084415585
Coop Östhammar Centrum,53,0.112582784,0.147887328
Coop Östhammar Centrum,54,0.038961039,0.112582784
Coop Östhammar Centrum,55,0.055555558,0.038961039
Coop Östhammar Centrum,56,0.016260163,0.055555558
Coop Östhammar Centrum,57,0.046511629,0.016260163
Coop Östhammar Centrum,58,0.138554218,0.046511629
Coop Östhammar Centrum,59,0.098654711,0.138554218
Coop Östhammar Centrum,60,0.038793104,0.098654711
Coop Östhammar Centrum,61,0.049079756,0.038793104
Coop Östhammar Centrum,62,0.008064517,0.049079756
Coop Östhammar Centrum,63,0.01775148,0.008064517
Coop Östhammar Centrum,64,0.061349695,0.01775148
Coop Östhammar Centrum,65,0.020833333,0.061349695
Coop Östhammar Centrum,66,0.044303798,0.020833333
Coop Östhammar Centrum,67,0.086419754,0.044303798
Coop Östhammar Centrum,68,0.039130436,0.086419754
Coop Östhammar Centrum,69,0.154929578,0.039130436
Coop Östhammar Centrum,70,0.102040816,0.154929578
Coop Östhammar Centrum,71,0.098654711,0.102040816
Coop Östhammar Centrum,72,0.055837566,0.098654711
Coop Östhammar Centrum,73,0.139393939,0.055837566
Coop Östhammar Centrum,74,0.069767443,0.139393939
Coop Östhammar Centrum,75,0.034313726,0.069767443
Coop Östhammar Centrum,76,0.019607844,0.034313726
Coop Östhammar Centrum,77,0.057971016,0.019607844
Coop Östhammar Centrum,78,0,0.057971016
Coop Östhammar Centrum,79,0,0
Coop Öregrund,46,0.063829786,0.102564105
Coop Öregrund,47,0.190476196,0.063829786
Coop Öregrund,48,0.16666667,0.190476196
Coop Öregrund,49,0.171875004,0.16666667
Coop Öregrund,50,0.105263163,0.171875004
Coop Öregrund,51,0.027027027,0.105263163
Coop Öregrund,52,0.071428573,0.027027027
Coop Öregrund,53,0.212765961,0.071428573
Coop Öregrund,54,0.180327871,0.212765961
Coop Öregrund,55,0.025,0.180327871
Coop Öregrund,56,0.111111112,0.025
Coop Öregrund,57,0.199999994,0.111111112
Coop Öregrund,58,0.081632654,0.199999994
Coop Öregrund,59,0.080459772,0.081632654
Coop Öregrund,60,0.07894737,0.080459772
Coop Öregrund,61,0.035714285,0.07894737
Coop Öregrund,62,0.03448276,0.035714285
Coop Öregrund,63,0.020833333,0.03448276
Coop Öregrund,64,0.062500003,0.020833333
Coop Öregrund,65,0.040816328,0.062500003
Coop Öregrund,66,0,0.040816328
Coop Öregrund,67,0.13636364,0
Coop Öregrund,68,0.117647063,0.13636364
Coop Öregrund,69,0.09803922,0.117647063
Coop Öregrund,70,0.157894741,0.09803922
Coop Öregrund,71,0,0.157894741
Coop Öregrund,72,0.023809524,0
Coop Öregrund,73,0.029411766,0.023809524
Coop Öregrund,74,0.038461539,0.029411766
Coop Öregrund,75,0.015384616,0.038461539
Coop Öregrund,76,0.032258065,0.015384616
Coop Öregrund,77,0,0.032258065
Coop Öregrund,78,0,0
Coop Öregrund,79,0,0
Coop Konsum Storvreta,46,0.1640625,0.124747398
Coop Konsum Storvreta,47,0.120000001,0.151936664
Coop Konsum Storvreta,48,0.138211384,0.134299081
Coop Konsum Storvreta,49,0.121212125,0.13230146
Coop Konsum Storvreta,50,0.122302158,0.126728693
Coop Konsum Storvreta,51,0.151162795,0.121948423
Coop Konsum Storvreta,52,0.111111114,0.141796995
Coop Konsum Storvreta,53,0.136094679,0.124108611
Coop Konsum Storvreta,54,0.134615387,0.127987059
Coop Konsum Storvreta,55,0.070754717,0.135095444
Coop Konsum Storvreta,56,0.058035715,0.091478663
Coop Konsum Storvreta,57,0.025641026,0.062163262
Coop Konsum Storvreta,58,0.041493776,0.03615369
Coop Konsum Storvreta,59,0.055084747,0.036349271
Coop Konsum Storvreta,60,0.027559055,0.05067423
Coop Konsum Storvreta,61,0.074561404,0.036491641
Coop Konsum Storvreta,62,0.079037802,0.059308289
Coop Konsum Storvreta,63,0.092592592,0.07758513
Coop Konsum Storvreta,64,0.081318682,0.088193817
Coop Konsum Storvreta,65,0.134955751,0.08497727
Coop Konsum Storvreta,66,0.147058824,0.117549549
Coop Konsum Storvreta,67,0.126463701,0.143131157
Coop Konsum Storvreta,68,0.113207548,0.133147192
Coop Konsum Storvreta,69,0.092233011,0.11750941
Coop Konsum Storvreta,70,0.075829384,0.099039629
Coop Konsum Storvreta,71,0.085858587,0.081152659
Coop Konsum Storvreta,72,0.057627119,0.082603929
Coop Konsum Storvreta,73,0.053811659,0.066788742
Coop Konsum Storvreta,74,0.060913708,0.055049845
Coop Konsum Storvreta,75,0.030927836,0.058608964
Coop Konsum Storvreta,76,0,0.040658795
Coop Konsum Storvreta,77,0.00617284,0.010036644
Coop Konsum Storvreta,78,0,0.004169641
Coop Konsum Storvreta,79,0.036585365,0.002003199
Hemköp Björklinge,47,0.12568306,0.109424119
Hemköp Björklinge,48,0.056737589,0.110022061
Hemköp Björklinge,49,0.112426036,0.049667684
Hemköp Björklinge,50,0.118055558,0.098416956
Hemköp Björklinge,51,0.153846155,0.103344999
Hemköp Björklinge,52,0.133333335,0.134675835
Hemköp Björklinge,53,0.096153848,0.116719057
Hemköp Björklinge,54,0.068965518,0.084172398
Hemköp Björklinge,55,0.096385544,0.060371926
Hemköp Björklinge,56,0,0.084375223
Hemköp Björklinge,57,0.043478261,0
Hemköp Björklinge,58,0.087378644,0.038060562
Hemköp Björklinge,59,0.032,0.076490646
Hemköp Björklinge,60,0.01724138,0.028012573
Hemköp Björklinge,61,0.055555556,0.015092982
Hemköp Björklinge,62,0.047297298,0.04863294
Hemköp Björklinge,63,0.081250001,0.04140372
Hemköp Björklinge,64,0.071005918,0.071125675
Hemköp Björklinge,65,0.127192983,0.062158078
Hemköp Björklinge,66,0.137404582,0.111343837
Hemköp Björklinge,67,0.160839163,0.120282998
Hemköp Björklinge,68,0.10887097,0.140797464
Hemköp Björklinge,69,0.144827588,0.095304876
Hemköp Björklinge,70,0.122257054,0.126781045
Hemköp Björklinge,71,0.137931036,0.107022959
Hemköp Björklinge,72,0.076433124,0.120743852
Hemköp Björklinge,73,0.049689441,0.066909015
Hemköp Björklinge,74,0.047337279,0.043497785
Hemköp Björklinge,75,0.01923077,0.041438719
Hemköp Björklinge,76,0,0.01683448
Hemköp Björklinge,77,0,0
Hemköp Björklinge,78,0,0
Hemköp Björklinge,79,0,0
Ica Supermarket Heby,46,0.119047621,0.005900679
Ica Supermarket Heby,47,0.129629631,0.005900679
Ica Supermarket Heby,48,0.189655178,0.005900679
Ica Supermarket Heby,49,0.17647059,0.005900679
Ica Supermarket Heby,50,0.123655917,0.005900679
Ica Supermarket Heby,51,0.074074076,0.005900679
Ica Supermarket Heby,52,0.149659866,0.005900679
Ica Supermarket Heby,53,0.099099102,0.005900679
Ica Supermarket Heby,54,0.073770493,0.005900679
Ica Supermarket Heby,55,0.048076924,0.005900679
Ica Supermarket Heby,56,0.070796462,0.005900679
Ica Supermarket Heby,57,0.086956521,0.005900679
Ica Supermarket Heby,58,0.020270271,0.005900679
Ica Supermarket Heby,59,0.056250001,0.005900679
Ica Supermarket Heby,60,0.034782609,0.005900679
Ica Supermarket Heby,61,0.024193549,0.005900679
Ica Supermarket Heby,62,0.045801527,0.005900679
Ica Supermarket Heby,63,0.043165468,0.005900679
Ica Supermarket Heby,64,0.063583814,0.005900679
Ica Supermarket Heby,65,0.071428573,0.005900679
Ica Supermarket Heby,66,0.10382514,0.005900679
Ica Supermarket Heby,67,0.122881355,0.005900679
Ica Supermarket Heby,68,0.087301588,0.005900679
Ica Supermarket Heby,69,0.111940299,0.005900679
Ica Supermarket Heby,70,0.102222224,0.005900679
Ica Supermarket Heby,71,0.055000001,0.005900679
Ica Supermarket Heby,72,0.098360657,0.005900679
Ica Supermarket Heby,73,0.055118111,0.005900679
Ica Supermarket Heby,74,0.042253521,0.005900679
Ica Supermarket Heby,75,0.062500003,0.005900679
Ica Supermarket Heby,76,0,0.005900679
Ica Supermarket Heby,77,0,0.005900679
Ica Supermarket Heby,78,0,0.005900679
Ica Supermarket Heby,79,0,0.005900679
Ica Maxi Enköping,46,0.088339224,0.067765737
Ica Maxi Enköping,47,0.170212767,0.104290753
Ica Maxi Enköping,48,0.148760333,0.116378752
Ica Maxi Enköping,49,0.160409557,0.171625027
Ica Maxi Enköping,50,0.199275366,0.158702943
Ica Maxi Enköping,51,0.213698634,0.177365924
Ica Maxi Enköping,52,0.194719475,0.209932851
Ica Maxi Enköping,53,0.183574882,0.215748261
Ica Maxi Enköping,54,0.175182481,0.198788082
Ica Maxi Enköping,55,0.100961541,0.188352733
Ica Maxi Enköping,56,0.072222222,0.162996213
Ica Maxi Enköping,57,0.065573772,0.100495959
Ica Maxi Enköping,58,0.081218275,0.077449492
Ica Maxi Enköping,59,0.072649574,0.076545971
Ica Maxi Enköping,60,0.048888889,0.085950693
Ica Maxi Enköping,61,0.03018868,0.073466994
Ica Maxi Enköping,62,0.05882353,0.051010402
Ica Maxi Enköping,63,0.108527133,0.044508512
Ica Maxi Enköping,64,0.115264798,0.078572813
Ica Maxi Enköping,65,0.087719299,0.117204026
Ica Maxi Enköping,66,0.132142857,0.115106865
Ica Maxi Enköping,67,0.096345517,0.106107906
Ica Maxi Enköping,68,0.095238095,0.129858412
Ica Maxi Enköping,69,0.10703364,0.103000719
Ica Maxi Enköping,70,0.115523465,0.105218412
Ica Maxi Enköping,71,0.073619633,0.116162067
Ica Maxi Enköping,72,0.038194445,0.111665367
Ica Maxi Enköping,73,0.045045047,0.071431092
Ica Maxi Enköping,74,0.044052865,0.046900442
Ica Maxi Enköping,75,0.030487805,0.051729946
Ica Maxi Enköping,76,0.0625,0.047497714
Ica Maxi Enköping,77,0.041209875,0.045677985
Ica Maxi Enköping,78,0.027777778,0.063954087
Ica Maxi Enköping,79,0.022727273,0.044688988
Ica Supermarket Västerhallen,46,0.119760482,0.029180012
Ica Supermarket Västerhallen,47,0.174311932,0.082318754
Ica Supermarket Västerhallen,48,0.150537633,0.083247009
Ica Supermarket Västerhallen,49,0.200772201,0.067015577
Ica Supermarket Västerhallen,50,0.257261413,0.110688729
Ica Supermarket Västerhallen,51,0.191919193,0.119109842
Ica Supermarket Västerhallen,52,0.181318684,0.070641794
Ica Supermarket Västerhallen,53,0.209150331,0.09552361
Ica Supermarket Västerhallen,54,0.169491529,0.097461871
Ica Supermarket Västerhallen,55,0.079136691,0.070129478
Ica Supermarket Västerhallen,56,0.121428575,0.028719
Ica Supermarket Västerhallen,57,0.111801243,0.083717736
Ica Supermarket Västerhallen,58,0.138121552,0.041253557
Ica Supermarket Västerhallen,59,0.081521738,0.08645013
Ica Supermarket Västerhallen,60,0.119047619,0.019562261
Ica Supermarket Västerhallen,61,0.104395607,0.088169934
Ica Supermarket Västerhallen,62,0.049504951,0.03346207
Ica Supermarket Västerhallen,63,0.062500001,0.033341962
Ica Supermarket Västerhallen,64,0.070652174,0.041959606
Ica Supermarket Västerhallen,65,0.091891892,0.041653756
Ica Supermarket Västerhallen,66,0.097938147,0.055810812
Ica Supermarket Västerhallen,67,0.101851853,0.050481407
Ica Supermarket Västerhallen,68,0.097872342,0.056554825
Ica Supermarket Västerhallen,69,0.12962963,0.049949296
Ica Supermarket Västerhallen,70,0.078703704,0.075156547
Ica Supermarket Västerhallen,71,0.089686099,0.025131334
Ica Supermarket Västerhallen,72,0.1146789,0.065217912
Ica Supermarket Västerhallen,73,0.082802547,0.055300167
Ica Supermarket Västerhallen,74,0.048951049,0.040871713
Ica Supermarket Västerhallen,75,0.017391305,0.028109315
Ica Supermarket Västerhallen,76,0.009259259,0.015758048
Ica Supermarket Västerhallen,77,0.028460526,0.018530393
Ica Supermarket Västerhallen,78,0,0.029325428
Ica Supermarket Västerhallen,79,0,0.003531577
Coop Bålsta,46,0.219858158,0.093158696
Coop Bålsta,47,0.140845072,0.178489538
Coop Bålsta,48,0.14814815,0.189779392
Coop Bålsta,49,0.142857144,0.143625214
Coop Bålsta,50,0.156028374,0.146133965
Coop Bålsta,51,0.155555555,0.147871179
Coop Bålsta,52,0.176470594,0.155848381
Coop Bålsta,53,0.090909093,0.163517509
Coop Bålsta,54,0.214285716,0.143898972
Coop Bålsta,55,0.202020203,0.137876207
Coop Bålsta,56,0.139240513,0.20961647
Coop Bålsta,57,0.115384617,0.178121179
Coop Bålsta,58,0.09174312,0.130159031
Coop Bålsta,59,0.049999998,0.106384753
Coop Bålsta,60,0.10810811,0.075852314
Coop Bålsta,61,0.072289158,0.072120642
Coop Bålsta,62,0.108108108,0.094472522
Coop Bålsta,63,0.108108109,0.085924745
Coop Bålsta,64,0.160000002,0.108108108
Coop Bålsta,65,0.07586207,0.127862357
Coop Bålsta,66,0.099290779,0.127970305
Coop Bålsta,67,0.20942409,0.08478093
Coop Bålsta,68,0.140425532,0.141216418
Coop Bålsta,69,0.172972976,0.183157662
Coop Bålsta,70,0.100558661,0.15281572
Coop Bålsta,71,0.082644627,0.145406235
Coop Bålsta,72,0.127450978,0.093739132
Coop Bålsta,73,0.080808083,0.099701545
Coop Bålsta,74,0.037037038,0.109694922
Coop Bålsta,75,0.025974027,0.064145286
Coop Bålsta,76,0.07017544,0.032825562
Coop Bålsta,77,0.014705883,0.042800657
Coop Bålsta,78,0.023255815,0.049059243
Coop Bålsta,79,0,0.017960678
Ica Maxi Bålsta,46,0.177189412,0.185657919
Ica Maxi Bålsta,47,0.162227602,0.198992829
Ica Maxi Bålsta,48,0.144846798,0.173692396
Ica Maxi Bålsta,49,0.157894738,0.148200032
Ica Maxi Bålsta,50,0.143266477,0.163974181
Ica Maxi Bålsta,51,0.190476193,0.143522789
Ica Maxi Bålsta,52,0.209677424,0.203936088
Ica Maxi Bålsta,53,0.20740741,0.224751817
Ica Maxi Bålsta,54,0.214007783,0.217604451
Ica Maxi Bålsta,55,0.161434983,0.223193419
Ica Maxi Bålsta,56,0.108374387,0.153253773
Ica Maxi Bålsta,57,0.096069869,0.087572822
Ica Maxi Bålsta,58,0.125899283,0.077657725
Ica Maxi Bålsta,59,0.13915858,0.121052957
Ica Maxi Bålsta,60,0.090909092,0.139403665
Ica Maxi Bålsta,61,0.080152673,0.077517209
Ica Maxi Bålsta,62,0.066115703,0.067501899
Ica Maxi Bålsta,63,0.075842698,0.053075122
Ica Maxi Bålsta,64,0.093198995,0.069204497
Ica Maxi Bålsta,65,0.113851994,0.093308192
Ica Maxi Bålsta,66,0.126016259,0.119738233
Ica Maxi Bålsta,67,0.176344087,0.133667917
Ica Maxi Bålsta,68,0.164948457,0.195996542
Ica Maxi Bålsta,69,0.106930694,0.175870003
Ica Maxi Bålsta,70,0.080234833,0.098466089
Ica Maxi Bålsta,71,0.066797643,0.066643488
Ica Maxi Bålsta,72,0.08908046,0.053249648
Ica Maxi Bålsta,73,0.065068494,0.085608306
Ica Maxi Bålsta,74,0.048387098,0.05582042
Ica Maxi Bålsta,75,0.039024391,0.037048729
Ica Maxi Bålsta,76,0.011764707,0.02824159
Ica Maxi Bålsta,77,0.039134886,-0.003651493
Ica Maxi Bålsta,78,0.01,0.035750475
Ica Maxi Bålsta,79,0.020833334,-0.000625601
Ica Supermarket  Alunda,46,0.124183009,0.357764889
Ica Supermarket  Alunda,47,0.067615658,0.01759678
Ica Supermarket  Alunda,48,0.118811884,0.011048307
Ica Supermarket  Alunda,49,0.112903227,0.17000811
Ica Supermarket  Alunda,50,0.222222225,0.10699457
Ica Supermarket  Alunda,51,0.18421053,0.331541223
Ica Supermarket  Alunda,52,0.145833339,0.146198835
Ica Supermarket  Alunda,53,0.132653064,0.107456148
Ica Supermarket  Alunda,54,0.100000003,0.119472789
Ica Supermarket  Alunda,55,0.063829786,0.067346942
Ica Supermarket  Alunda,56,0.056179775,0.027659569
Ica Supermarket  Alunda,57,0.068376069,0.048529764
Ica Supermarket  Alunda,58,0.027272728,0.080572363
Ica Supermarket  Alunda,59,0.083333335,-0.013830613
Ica Supermarket  Alunda,60,0.032258065,0.139393942
Ica Supermarket  Alunda,61,0.067226893,-0.018817205
Ica Supermarket  Alunda,62,0.038095239,0.102195721
Ica Supermarket  Alunda,63,0.045112781,0.008963585
Ica Supermarket  Alunda,64,0.085227275,0.052130323
Ica Supermarket  Alunda,65,0.102857143,0.125341769
Ica Supermarket  Alunda,66,0.149068326,0.120487011
Ica Supermarket  Alunda,67,0.176795583,0.195279509
Ica Supermarket  Alunda,68,0.13157895,0.20452284
Ica Supermarket  Alunda,69,0.096446705,0.086362317
Ica Supermarket  Alunda,70,0.058510639,0.06131446
Ica Supermarket  Alunda,71,0.056497175,0.020574573
Ica Supermarket  Alunda,72,0.02919708,0.054483711
Ica Supermarket  Alunda,73,0.056250001,0.001896985
Ica Supermarket  Alunda,74,0.028776979,0.083302922
Ica Supermarket  Alunda,75,0.046728972,0.001303957
Ica Supermarket  Alunda,76,0.049382717,0.064680965
Ica Supermarket  Alunda,77,0.047781387,0.052036462
Ica Supermarket  Alunda,78,0,0.046180057
Ica Supermarket  Alunda,79,0,-0.047781387
Ica Supermarket Gimo,46,0.071428574,0.0057439
Ica Supermarket Gimo,47,0.099009901,0.0057439
Ica Supermarket Gimo,48,0.107142861,0.0057439
Ica Supermarket Gimo,49,0,0.0057439
Ica Supermarket Gimo,50,0.178571433,0.0057439
Ica Supermarket Gimo,51,0.122807018,0.0057439
Ica Supermarket Gimo,52,0.067796612,0.0057439
Ica Supermarket Gimo,53,0.117647064,0.0057439
Ica Supermarket Gimo,54,0.070175441,0.0057439
Ica Supermarket Gimo,55,0.01754386,0.0057439
Ica Supermarket Gimo,56,0.050000001,0.0057439
Ica Supermarket Gimo,57,0,0.0057439
Ica Supermarket Gimo,58,0.119565219,0.0057439
Ica Supermarket Gimo,59,0.118055556,0.0057439
Ica Supermarket Gimo,60,0.078431374,0.0057439
Ica Supermarket Gimo,61,0.031250001,0.0057439
Ica Supermarket Gimo,62,0.018867926,0.0057439
Ica Supermarket Gimo,63,0.044117648,0.0057439
Ica Supermarket Gimo,64,0.065789476,0.0057439
Ica Supermarket Gimo,65,0.046875,0.0057439
Ica Supermarket Gimo,66,0,0.0057439
Ica Supermarket Gimo,67,0.014925373,0.0057439
Ica Supermarket Gimo,68,0.119047622,0.0057439
Ica Supermarket Gimo,69,0.127450982,0.0057439
Ica Supermarket Gimo,70,0.102040818,0.0057439
Ica Supermarket Gimo,71,0.223404259,0.0057439
Ica Supermarket Gimo,72,0.246575348,0.0057439
Ica Supermarket Gimo,73,0.176923071,0.0057439
Ica Supermarket Gimo,74,0.02469136,0.0057439
Ica Supermarket Gimo,75,0.046153848,0.0057439
Ica Supermarket Gimo,76,0.025000001,0.0057439
Ica Supermarket Gimo,77,0,0.0057439
Ica Supermarket Gimo,78,0,0.0057439
Ica Supermarket Gimo,79,0,0.0057439
Coop Österbybruk,46,0.019607844,0
Coop Österbybruk,47,0,0
Coop Österbybruk,48,0.018518519,0
Coop Österbybruk,49,0.013157895,0
Coop Österbybruk,50,0.088235297,0
Coop Österbybruk,51,0.122222224,0
Coop Österbybruk,52,0.225352112,0
Coop Österbybruk,53,0.262626266,0
Coop Österbybruk,54,0.227642276,0
Coop Österbybruk,55,0.115942025,0
Coop Österbybruk,56,0.07792208,0
Coop Österbybruk,57,0.160919543,0
Coop Österbybruk,58,0.059701494,0
Coop Österbybruk,59,0.109890111,0
Coop Österbybruk,60,0.057142858,0
Coop Österbybruk,61,0.036363638,0
Coop Österbybruk,62,0.040540542,0
Coop Österbybruk,63,0.041095891,0
Coop Österbybruk,64,0.111111111,0
Coop Österbybruk,65,0.098765433,0
Coop Österbybruk,66,0.077669904,0
Coop Österbybruk,67,0.166666666,0
Coop Österbybruk,68,0.138461543,0
Coop Österbybruk,69,0.144000002,0
Coop Österbybruk,70,0.081632654,0
Coop Österbybruk,71,0.043478262,0
Coop Österbybruk,72,0.078947371,0
Coop Österbybruk,73,0.169230776,0
Coop Österbybruk,74,0.054794522,0
Coop Österbybruk,75,0,0
Coop Österbybruk,76,0,0
Coop Österbybruk,77,0.072727275,0
Coop Österbybruk,78,0,0
Coop Österbybruk,79,0,0
Ica Supermarket Örbyhus,46,0,0.084559523
Ica Supermarket Örbyhus,47,0.046728973,0.055138896
Ica Supermarket Örbyhus,48,0.129411765,0.017871233
Ica Supermarket Örbyhus,49,0.135416671,0.078350542
Ica Supermarket Örbyhus,50,0.191304351,0.131708308
Ica Supermarket Örbyhus,51,0.187096775,0.1567906
Ica Supermarket Örbyhus,52,0.242105262,0.189695187
Ica Supermarket Örbyhus,53,0.120000001,0.208134461
Ica Supermarket Örbyhus,54,0.186567168,0.195406792
Ica Supermarket Örbyhus,55,0.051546394,0.14545824
Ica Supermarket Örbyhus,56,0.065573773,0.134929232
Ica Supermarket Örbyhus,57,0.031914894,0.056911086
Ica Supermarket Örbyhus,58,0.032967034,0.052701124
Ica Supermarket Örbyhus,59,0.011904762,0.032317279
Ica Supermarket Örbyhus,60,0.029850747,0.024911887
Ica Supermarket Örbyhus,61,0,0.018768103
Ica Supermarket Örbyhus,62,0.052083334,0.018434497
Ica Supermarket Örbyhus,63,0.062500002,0.019918978
Ica Supermarket Örbyhus,64,0.072727274,0.05606713
Ica Supermarket Örbyhus,65,0.075862069,0.066411365
Ica Supermarket Örbyhus,66,0.144444447,0.073926159
Ica Supermarket Örbyhus,67,0.115151516,0.102091014
Ica Supermarket Örbyhus,68,0.104395606,0.13324153
Ica Supermarket Örbyhus,69,0.089743592,0.111037979
Ica Supermarket Örbyhus,70,0.112781957,0.098792026
Ica Supermarket Örbyhus,71,0.133858272,0.098554485
Ica Supermarket Örbyhus,72,0.030612245,0.120842475
Ica Supermarket Örbyhus,73,0.037974685,0.09437241
Ica Supermarket Örbyhus,74,0.035714287,0.033427969
Ica Supermarket Örbyhus,75,0.082191783,0.037110208
Ica Supermarket Örbyhus,76,0.015873016,0.053489344
Ica Supermarket Örbyhus,77,0.019704435,0.056828544
Ica Supermarket Örbyhus,78,0,0.017338321
Ica Supermarket Örbyhus,79,0,0.012168585
Stora Coop Enköping,46,0.103773586,0.10096154
Stora Coop Enköping,47,0.138181818,0.103773586
Stora Coop Enköping,48,0.191489367,0.138181818
Stora Coop Enköping,49,0.190661481,0.191489367
Stora Coop Enköping,50,0.218181818,0.190661481
Stora Coop Enköping,51,0.172839508,0.218181818
Stora Coop Enköping,52,0.151260507,0.172839508
Stora Coop Enköping,53,0.215859033,0.151260507
Stora Coop Enköping,54,0.230769236,0.215859033
Stora Coop Enköping,55,0.101694915,0.230769236
Stora Coop Enköping,56,0.134969327,0.101694915
Stora Coop Enköping,57,0.093406596,0.134969327
Stora Coop Enköping,58,0.081730773,0.093406596
Stora Coop Enköping,59,0.086734695,0.081730773
Stora Coop Enköping,60,0.070422537,0.086734695
Stora Coop Enköping,61,0.070093459,0.070422537
Stora Coop Enköping,62,0.09649123,0.070093459
Stora Coop Enköping,63,0.064516129,0.09649123
Stora Coop Enköping,64,0.088888891,0.064516129
Stora Coop Enköping,65,0.098039218,0.088888891
Stora Coop Enköping,66,0.052208836,0.098039218
Stora Coop Enköping,67,0.098360657,0.052208836
Stora Coop Enköping,68,0.090909093,0.098360657
Stora Coop Enköping,69,0.152985078,0.090909093
Stora Coop Enköping,70,0.107255522,0.152985078
Stora Coop Enköping,71,0.072784809,0.107255522
Stora Coop Enköping,72,0.071428573,0.072784809
Stora Coop Enköping,73,0.046632125,0.071428573
Stora Coop Enköping,74,0.031088084,0.046632125
Stora Coop Enköping,75,0.028571429,0.031088084
Stora Coop Enköping,76,0.020202021,0.028571429
Stora Coop Enköping,77,0,0.020202021
Stora Coop Enköping,78,0.009259259,0
Stora Coop Enköping,79,0,0.009259259
Ica Nära Bergvreten,46,0.067708334,0.093008207
Ica Nära Bergvreten,47,0.077348068,0.053863402
Ica Nära Bergvreten,48,0.158163265,0.072156367
Ica Nära Bergvreten,49,0.240740742,0.159084146
Ica Nära Bergvreten,50,0.257894744,0.234508519
Ica Nära Bergvreten,51,0.185410335,0.237754839
Ica Nära Bergvreten,52,0.254999998,0.154916646
Ica Nära Bergvreten,53,0.240963853,0.245022906
Ica Nära Bergvreten,54,0.239130441,0.216469748
Ica Nära Bergvreten,55,0.086021507,0.217106542
Ica Nära Bergvreten,56,0.078431373,0.049314899
Ica Nära Bergvreten,57,0.112000005,0.06988829
Ica Nära Bergvreten,58,0.070967744,0.10818505
Ica Nära Bergvreten,59,0.077348068,0.056787035
Ica Nära Bergvreten,60,0.108974361,0.071540957
Ica Nära Bergvreten,61,0.05882353,0.105066954
Ica Nära Bergvreten,62,0.080745342,0.044022042
Ica Nära Bergvreten,63,0.055555555,0.077564655
Ica Nära Bergvreten,64,0.089743592,0.045763221
Ica Nära Bergvreten,65,0.071856289,0.088063183
Ica Nära Bergvreten,66,0.104651164,0.06196504
Ica Nära Bergvreten,67,0.085365857,0.101356306
Ica Nära Bergvreten,68,0.122093022,0.073985977
Ica Nära Bergvreten,69,0.135869563,0.117959476
Ica Nära Bergvreten,70,0.102040816,0.126153825
Ica Nära Bergvreten,71,0.071428572,0.086403359
Ica Nära Bergvreten,72,0.084745764,0.059173496
Ica Nära Bergvreten,73,0.058823532,0.079577787
Ica Nära Bergvreten,74,0.05263158,0.048596655
Ica Nära Bergvreten,75,0.009615385,0.0466913
Ica Nära Bergvreten,76,0.011494253,0.000621823
Ica Nära Bergvreten,77,0.007428571,0.010807022
Ica Nära Bergvreten,78,0.01818182,0.005987511
Ica Nära Bergvreten,79,0,0.018563921
Tempo Grillbyhallen,46,0.090909092,0.216858612
Tempo Grillbyhallen,47,0.170454553,0.120206659
Tempo Grillbyhallen,48,0.223300977,0.12259587
Tempo Grillbyhallen,49,0.144444444,0.297073764
Tempo Grillbyhallen,50,0.301204816,0.168814999
Tempo Grillbyhallen,51,0.261363638,0.273291681
Tempo Grillbyhallen,52,0.236111113,0.375616233
Tempo Grillbyhallen,53,0.145833338,0.199424189
Tempo Grillbyhallen,54,0.094339625,0.10652152
Tempo Grillbyhallen,55,0.086956523,0.012447462
Tempo Grillbyhallen,56,0.142857143,0.04500009
Tempo Grillbyhallen,57,0.125000003,0.149156794
Tempo Grillbyhallen,58,0.032258064,0.164953249
Tempo Grillbyhallen,59,0.117647063,-0.00179013
Tempo Grillbyhallen,60,0.106060609,0.063419318
Tempo Grillbyhallen,61,0.150537636,0.170482271
Tempo Grillbyhallen,62,0.086956526,0.151072826
Tempo Grillbyhallen,63,0.109589045,0.108069997
Tempo Grillbyhallen,64,0.04477612,0.064648428
Tempo Grillbyhallen,65,0.147540981,0.048501812
Tempo Grillbyhallen,66,0.118421051,0.118960523
Tempo Grillbyhallen,67,0.133333333,0.192670728
Tempo Grillbyhallen,68,0.05263158,0.113733732
Tempo Grillbyhallen,69,0.104761906,0.046870881
Tempo Grillbyhallen,70,0.093750002,0.052780153
Tempo Grillbyhallen,71,0.076923078,0.132228168
Tempo Grillbyhallen,72,0.112359553,0.064653892
Tempo Grillbyhallen,73,0.076923075,0.106832646
Tempo Grillbyhallen,74,0.016129032,0.097035908
Tempo Grillbyhallen,75,0,-0.024790077
Tempo Grillbyhallen,76,0.025,-0.051136895
Tempo Grillbyhallen,77,0,0.017763592
Tempo Grillbyhallen,78,0,0.014189359
Tempo Grillbyhallen,79,0,-0.019594679
Ica Supermarket Örsundsbro,46,0.097560978,0.088692879
Ica Supermarket Örsundsbro,47,0.061946905,0.062012908
Ica Supermarket Örsundsbro,48,0.093023257,0.039375453
Ica Supermarket Örsundsbro,49,0.094736844,0.059128586
Ica Supermarket Örsundsbro,50,0.16,0.060217797
Ica Supermarket Örsundsbro,51,0.121212122,0.101701166
Ica Supermarket Örsundsbro,52,0.101265826,0.077046338
Ica Supermarket Örsundsbro,53,0.078125003,0.064367829
Ica Supermarket Örsundsbro,54,0.085714284,0.049658774
Ica Supermarket Örsundsbro,55,0.02857143,0.054482766
Ica Supermarket Örsundsbro,56,0.025974026,0.018160923
Ica Supermarket Örsundsbro,57,0.063291139,0.01650993
Ica Supermarket Örsundsbro,58,0.03125,0.040229891
Ica Supermarket Örsundsbro,59,0.026666668,0.019863509
Ica Supermarket Örsundsbro,60,0.12359551,0.016950195
Ica Supermarket Örsundsbro,61,0.051282053,0.078561297
Ica Supermarket Örsundsbro,62,0.050000001,0.032596529
Ica Supermarket Örsundsbro,63,0.010752688,0.031781615
Ica Supermarket Örsundsbro,64,0.090225564,0.006834756
Ica Supermarket Örsundsbro,65,0.100000002,0.057350282
Ica Supermarket Örsundsbro,66,0.123076924,0.06356323
Ica Supermarket Örsundsbro,67,0.150442483,0.078231667
Ica Supermarket Örsundsbro,68,0.089655176,0.0956261
Ica Supermarket Örsundsbro,69,0.070175439,0.056987725
Ica Supermarket Örsundsbro,70,0.085714284,0.044605775
Ica Supermarket Örsundsbro,71,0.056338029,0.054482766
Ica Supermarket Örsundsbro,72,0.101010101,0.03581027
Ica Supermarket Örsundsbro,73,0.107142857,0.064205282
Ica Supermarket Örsundsbro,74,0.108433737,0.068103459
Ica Supermarket Örsundsbro,75,0.036363637,0.068923984
Ica Supermarket Örsundsbro,76,0,0.023113902
Ica Supermarket Örsundsbro,77,0,0
Ica Supermarket Örsundsbro,78,0,0
Ica Supermarket Örsundsbro,79,0,0
Ica Nära Stabby,46,0.158469948,0.12380523
Ica Nära Stabby,47,0.143564357,0.14824656
Ica Nära Stabby,48,0.13861386,0.152020592
Ica Nära Stabby,49,0.101604278,0.141422374
Ica Nära Stabby,50,0.154589371,0.122600543
Ica Nära Stabby,51,0.105660379,0.124529884
Ica Nära Stabby,52,0.075268817,0.13341876
Ica Nära Stabby,53,0.151162792,0.092510549
Ica Nära Stabby,54,0.098039217,0.108106644
Ica Nära Stabby,55,0.118644071,0.128177268
Ica Nära Stabby,56,0.061728396,0.106954531
Ica Nära Stabby,57,0.133663366,0.09401778
Ica Nära Stabby,58,0.076923079,0.09285324
Ica Nära Stabby,59,0.086956524,0.109112962
Ica Nära Stabby,60,0.064356438,0.081264353
Ica Nära Stabby,61,0.096045201,0.077177912
Ica Nära Stabby,62,0.070175439,0.078067541
Ica Nära Stabby,63,0.05860806,0.084851865
Ica Nära Stabby,64,0.036764706,0.065170462
Ica Nära Stabby,65,0.087248323,0.049156871
Ica Nära Stabby,66,0.086261984,0.058607972
Ica Nära Stabby,67,0.085106383,0.086821554
Ica Nära Stabby,68,0.12962963,0.085761978
Ica Nära Stabby,69,0.052197803,0.104370715
Ica Nära Stabby,70,0.077181208,0.096126404
Ica Nära Stabby,71,0.031578947,0.06300763
Ica Nära Stabby,72,0.040723982,0.057450008
Ica Nära Stabby,73,0.069306928,0.035535823
Ica Nära Stabby,74,0.041420119,0.053091259
Ica Nära Stabby,75,0.049382717,0.057240855
Ica Nära Stabby,76,0.01869159,0.044865378
Ica Nära Stabby,77,0.020121775,0.036103271
Ica Nära Stabby,78,0,0.019310403
Ica Nära Stabby,79,0,0.011415479
Coop Konsum Västertorg,46,0.105726874,0.132275134
Coop Konsum Västertorg,47,0.161904766,0.105726874
Coop Konsum Västertorg,48,0.130742052,0.161904766
Coop Konsum Västertorg,49,0.108108108,0.130742052
Coop Konsum Västertorg,50,0.113207548,0.108108108
Coop Konsum Västertorg,51,0.098245615,0.113207548
Coop Konsum Västertorg,52,0.142857147,0.098245615
Coop Konsum Västertorg,53,0.114942531,0.142857147
Coop Konsum Västertorg,54,0.141361258,0.114942531
Coop Konsum Västertorg,55,0.12883436,0.141361258
Coop Konsum Västertorg,56,0.140540537,0.12883436
Coop Konsum Västertorg,57,0.10982659,0.140540537
Coop Konsum Västertorg,58,0.046391754,0.10982659
Coop Konsum Västertorg,59,0.101265824,0.046391754
Coop Konsum Västertorg,60,0.069105692,0.101265824
Coop Konsum Västertorg,61,0.074349444,0.069105692
Coop Konsum Västertorg,62,0.083044983,0.074349444
Coop Konsum Västertorg,63,0.071428572,0.083044983
Coop Konsum Västertorg,64,0.068322982,0.071428572
Coop Konsum Västertorg,65,0.074766355,0.068322982
Coop Konsum Västertorg,66,0.117834397,0.074766355
Coop Konsum Västertorg,67,0.085443037,0.117834397
Coop Konsum Västertorg,68,0.088235295,0.085443037
Coop Konsum Västertorg,69,0.091145833,0.088235295
Coop Konsum Västertorg,70,0.060869566,0.091145833
Coop Konsum Västertorg,71,0.066265062,0.060869566
Coop Konsum Västertorg,72,0.070631972,0.066265062
Coop Konsum Västertorg,73,0.048458151,0.070631972
Coop Konsum Västertorg,74,0.037558687,0.048458151
Coop Konsum Västertorg,75,0.021978022,0.037558687
Coop Konsum Västertorg,76,0.047619048,0.021978022
Coop Konsum Västertorg,77,0.02452381,0.047619048
Coop Konsum Västertorg,78,0.008695652,0.02452381
Coop Konsum Västertorg,79,0,0.008695652
Hemköp Rosendal,46,0.099009903,0.181760218
Hemköp Rosendal,47,0.126582282,0.100739488
Hemköp Rosendal,48,0.086956522,0.088252398
Hemköp Rosendal,49,0.151162791,0.09038892
Hemköp Rosendal,50,0.148148152,0.132648504
Hemköp Rosendal,51,0.075268819,0.177483933
Hemköp Rosendal,52,0.136363638,0.097565934
Hemköp Rosendal,53,0.169491526,0.084805469
Hemköp Rosendal,54,0.147058828,0.184174658
Hemköp Rosendal,55,0.116279074,0.19135699
Hemköp Rosendal,56,0.067796612,0.113575215
Hemköp Rosendal,57,0.032258066,0.040377788
Hemköp Rosendal,58,0.127906977,-0.010314994
Hemköp Rosendal,59,0.070707072,0.084652858
Hemköp Rosendal,60,0.087500002,0.123937813
Hemköp Rosendal,61,0.07792208,0.082234628
Hemköp Rosendal,62,0.112149537,0.069345893
Hemköp Rosendal,63,0.053435114,0.11078267
Hemköp Rosendal,64,0.080291973,0.0745099
Hemköp Rosendal,65,0.086330934,0.052177677
Hemköp Rosendal,66,0.143835616,0.08361528
Hemköp Rosendal,67,0.086666667,0.155949098
Hemköp Rosendal,68,0.105960265,0.128850876
Hemköp Rosendal,69,0.106666665,0.087249151
Hemköp Rosendal,70,0.11656442,0.099535275
Hemköp Rosendal,71,0.074534161,0.123581656
Hemköp Rosendal,72,0.078125001,0.082454829
Hemköp Rosendal,73,0.079207925,0.053244319
Hemköp Rosendal,74,0.024096386,0.066825259
Hemköp Rosendal,75,0,0.027417033
Hemköp Rosendal,76,0.022222223,-0.036109948
Hemköp Rosendal,77,0,-0.013892708
Hemköp Rosendal,78,0,0.007015734
Hemköp Rosendal,79,0,-0.007138082
Willys Uppsala Stenhagen,46,0.240384619,0.133928574
Willys Uppsala Stenhagen,47,0.201438851,0.240384619
Willys Uppsala Stenhagen,48,0.171875002,0.201438851
Willys Uppsala Stenhagen,49,0.149068321,0.171875002
Willys Uppsala Stenhagen,50,0.120689655,0.149068321
Willys Uppsala Stenhagen,51,0.242857152,0.120689655
Willys Uppsala Stenhagen,52,0.170000003,0.242857152
Willys Uppsala Stenhagen,53,0.2184874,0.170000003
Willys Uppsala Stenhagen,54,0.169811325,0.2184874
Willys Uppsala Stenhagen,55,0.090909093,0.169811325
Willys Uppsala Stenhagen,56,0.165048545,0.090909093
Willys Uppsala Stenhagen,57,0.084112152,0.165048545
Willys Uppsala Stenhagen,58,0.086956524,0.084112152
Willys Uppsala Stenhagen,59,0.118055558,0.086956524
Willys Uppsala Stenhagen,60,0.099337751,0.118055558
Willys Uppsala Stenhagen,61,0.070312498,0.099337751
Willys Uppsala Stenhagen,62,0.133333335,0.070312498
Willys Uppsala Stenhagen,63,0.076190478,0.133333335
Willys Uppsala Stenhagen,64,0.128318587,0.076190478
Willys Uppsala Stenhagen,65,0.215686274,0.128318587
Willys Uppsala Stenhagen,66,0.222222223,0.215686274
Willys Uppsala Stenhagen,67,0.142857142,0.222222223
Willys Uppsala Stenhagen,68,0.131221719,0.142857142
Willys Uppsala Stenhagen,69,0.102880658,0.131221719
Willys Uppsala Stenhagen,70,0.102150538,0.102880658
Willys Uppsala Stenhagen,71,0.088353414,0.102150538
Willys Uppsala Stenhagen,72,0.105820107,0.088353414
Willys Uppsala Stenhagen,73,0.08264463,0.105820107
Willys Uppsala Stenhagen,74,0.053846155,0.08264463
Willys Uppsala Stenhagen,75,0.028571429,0.053846155
Willys Uppsala Stenhagen,76,0,0.028571429
Willys Uppsala Stenhagen,77,0.014842301,0
Willys Uppsala Stenhagen,78,0,0.014842301
Willys Uppsala Stenhagen,79,0.020833335,0
Ica Supermarket Väst,46,0.129533679,0.134285715
Ica Supermarket Väst,47,0.14467005,0.129533679
Ica Supermarket Väst,48,0.103286387,0.14467005
Ica Supermarket Väst,49,0.105263157,0.103286387
Ica Supermarket Väst,50,0.118686872,0.105263157
Ica Supermarket Väst,51,0.069958848,0.118686872
Ica Supermarket Väst,52,0.106164384,0.069958848
Ica Supermarket Väst,53,0.133802819,0.106164384
Ica Supermarket Väst,54,0.119318182,0.133802819
Ica Supermarket Väst,55,0.072243349,0.119318182
Ica Supermarket Väst,56,0.054901961,0.072243349
Ica Supermarket Väst,57,0.071672355,0.054901961
Ica Supermarket Väst,58,0.068249258,0.071672355
Ica Supermarket Väst,59,0.088757399,0.068249258
Ica Supermarket Väst,60,0.12903226,0.088757399
Ica Supermarket Väst,61,0.083857443,0.12903226
Ica Supermarket Väst,62,0.07604563,0.083857443
Ica Supermarket Väst,63,0.087188614,0.07604563
Ica Supermarket Väst,64,0.06342183,0.087188614
Ica Supermarket Väst,65,0.09662577,0.06342183
Ica Supermarket Väst,66,0.102564103,0.09662577
Ica Supermarket Väst,67,0.10800745,0.102564103
Ica Supermarket Väst,68,0.107692309,0.10800745
Ica Supermarket Väst,69,0.098529414,0.107692309
Ica Supermarket Väst,70,0.076158941,0.098529414
Ica Supermarket Väst,71,0.084977238,0.076158941
Ica Supermarket Väst,72,0.042505594,0.084977238
Ica Supermarket Väst,73,0.036827196,0.042505594
Ica Supermarket Väst,74,0.021806854,0.036827196
Ica Supermarket Väst,75,0.025559106,0.021806854
Ica Supermarket Väst,76,0.040892194,0.025559106
Ica Supermarket Väst,77,0.021897811,0.040892194
Ica Supermarket Väst,78,0.006711409,0.021897811
Ica Supermarket Väst,79,0.024096385,0.006711409
Ica Luthagens Livs,46,0.13888889,0.127057615
Ica Luthagens Livs,47,0.151639345,0.145576133
Ica Luthagens Livs,48,0.157676348,0.158326588
Ica Luthagens Livs,49,0.163793108,0.164363591
Ica Luthagens Livs,50,0.141552514,0.170480351
Ica Luthagens Livs,51,0.101538463,0.148239757
Ica Luthagens Livs,52,0.090909093,0.108225706
Ica Luthagens Livs,53,0.092896177,0.097596336
Ica Luthagens Livs,54,0.125683061,0.09958342
Ica Luthagens Livs,55,0.070796461,0.132370304
Ica Luthagens Livs,56,0.081521741,0.077483704
Ica Luthagens Livs,57,0.054347827,0.088208984
Ica Luthagens Livs,58,0.03888889,0.06103507
Ica Luthagens Livs,59,0.032967034,0.045576133
Ica Luthagens Livs,60,0.045454547,0.039654277
Ica Luthagens Livs,61,0.08846154,0.05214179
Ica Luthagens Livs,62,0.05762712,0.095148783
Ica Luthagens Livs,63,0.084375,0.064314363
Ica Luthagens Livs,64,0.071428572,0.091062243
Ica Luthagens Livs,65,0.108823531,0.078115815
Ica Luthagens Livs,66,0.11549296,0.115510774
Ica Luthagens Livs,67,0.125730997,0.122180203
Ica Luthagens Livs,68,0.079452056,0.13241824
Ica Luthagens Livs,69,0.072992701,0.086139299
Ica Luthagens Livs,70,0.104519776,0.079679944
Ica Luthagens Livs,71,0.074404763,0.111207019
Ica Luthagens Livs,72,0.025925926,0.081092006
Ica Luthagens Livs,73,0.033472803,0.032613169
Ica Luthagens Livs,74,0.024096387,0.040160046
Ica Luthagens Livs,75,0.011111111,0.03078363
Ica Luthagens Livs,76,0.062937064,0.017798354
Ica Luthagens Livs,77,0.024971657,0.069624307
Ica Luthagens Livs,78,0.010309279,0.0316589
Ica Luthagens Livs,79,0,0.016996522
Willys Uppsala Kungsgatan,46,0.152173915,0.120771415
Willys Uppsala Kungsgatan,47,0.211180129,0.135711807
Willys Uppsala Kungsgatan,48,0.170454543,0.171617431
Willys Uppsala Kungsgatan,49,0.153846153,0.171064163
Willys Uppsala Kungsgatan,50,0.147928996,0.162872337
Willys Uppsala Kungsgatan,51,0.085427135,0.155762731
Willys Uppsala Kungsgatan,52,0.112582783,0.122299108
Willys Uppsala Kungsgatan,53,0.216216213,0.117676364
Willys Uppsala Kungsgatan,54,0.154471544,0.164558747
Willys Uppsala Kungsgatan,55,0.100917427,0.15975955
Willys Uppsala Kungsgatan,56,0.116279071,0.131764186
Willys Uppsala Kungsgatan,57,0.040000002,0.124396821
Willys Uppsala Kungsgatan,58,0.07017544,0.084243279
Willys Uppsala Kungsgatan,59,0.125984253,0.077550212
Willys Uppsala Kungsgatan,60,0.108695652,0.100593714
Willys Uppsala Kungsgatan,61,0.066666666,0.10444838
Willys Uppsala Kungsgatan,62,0.084415584,0.086472944
Willys Uppsala Kungsgatan,63,0.071090048,0.085494112
Willys Uppsala Kungsgatan,64,0.097222223,0.078641079
Willys Uppsala Kungsgatan,65,0.108333337,0.087481445
Willys Uppsala Kungsgatan,66,0.107758619,0.097402166
Willys Uppsala Kungsgatan,67,0.126530616,0.102329464
Willys Uppsala Kungsgatan,68,0.12408759,0.113843665
Willys Uppsala Kungsgatan,69,0.070247935,0.118717426
Willys Uppsala Kungsgatan,70,0.067510548,0.095657057
Willys Uppsala Kungsgatan,71,0.066390041,0.08226577
Willys Uppsala Kungsgatan,72,0.043478263,0.074712562
Willys Uppsala Kungsgatan,73,0.042682929,0.059852194
Willys Uppsala Kungsgatan,74,0.032258064,0.051683559
Willys Uppsala Kungsgatan,75,0.015748032,0.042441476
Willys Uppsala Kungsgatan,76,0.008196721,0.029741515
Willys Uppsala Kungsgatan,77,0.009211496,0.019491131
Willys Uppsala Kungsgatan,78,0,0.014600381
Willys Uppsala Kungsgatan,79,0.019230769,0.007653946
Hemköp Svava,46,0.114130438,0.228640449
Hemköp Svava,47,0.15923567,0.06390548
Hemköp Svava,48,0.144329899,0.181440705
Hemköp Svava,49,0.11656442,0.141193396
Hemköp Svava,50,0.116402118,0.091320968
Hemköp Svava,51,0.11162791,0.110826322
Hemköp Svava,52,0.117647061,0.107758182
Hemköp Svava,53,0.158730162,0.121549435
Hemköp Svava,54,0.112359554,0.192936573
Hemköp Svava,55,0.06837607,0.083140237
Hemköp Svava,56,0.078260871,0.023924427
Hemköp Svava,57,0.057851241,0.077581104
Hemköp Svava,58,0.049295776,0.04338291
Hemköp Svava,59,0.098765433,0.03841549
Hemköp Svava,60,0.088757399,0.13685529
Hemköp Svava,61,0.060439562,0.090414041
Hemköp Svava,62,0.109090911,0.035712616
Hemköp Svava,63,0.061728395,0.142647178
Hemköp Svava,64,0.141509439,0.033195975
Hemköp Svava,65,0.113636366,0.196355278
Hemköp Svava,66,0.092526693,0.106876258
Hemköp Svava,67,0.107526882,0.070090592
Hemköp Svava,68,0.096219932,0.115445259
Hemköp Svava,69,0.116040957,0.090072299
Hemköp Svava,70,0.06225681,0.12975721
Hemköp Svava,71,0.058064516,0.022908
Hemköp Svava,72,0.041284405,0.044146342
Hemköp Svava,73,0.062827227,0.026972998
Hemköp Svava,74,0.027777778,0.076854213
Hemköp Svava,75,0.008403362,0.003827121
Hemköp Svava,76,0.015748032,-0.014045218
Hemköp Svava,77,0,0.017852595
Hemköp Svava,78,0,-0.011219126
Hemköp Svava,79,0.013888889,-0.003088481
Stora Coop Boländerna,46,0.188811187,0.12903226
Stora Coop Boländerna,47,0.102362206,0.188811187
Stora Coop Boländerna,48,0.116279068,0.102362206
Stora Coop Boländerna,49,0.135338349,0.116279068
Stora Coop Boländerna,50,0.118055559,0.135338349
Stora Coop Boländerna,51,0.113207544,0.118055559
Stora Coop Boländerna,52,0.126213592,0.113207544
Stora Coop Boländerna,53,0.103448279,0.126213592
Stora Coop Boländerna,54,0.120370373,0.103448279
Stora Coop Boländerna,55,0.087500004,0.120370373
Stora Coop Boländerna,56,0.106382978,0.087500004
Stora Coop Boländerna,57,0.060240964,0.106382978
Stora Coop Boländerna,58,0.084745764,0.060240964
Stora Coop Boländerna,59,0.05737705,0.084745764
Stora Coop Boländerna,60,0.053846153,0.05737705
Stora Coop Boländerna,61,0.060402684,0.053846153
Stora Coop Boländerna,62,0.043478261,0.060402684
Stora Coop Boländerna,63,0.076923078,0.043478261
Stora Coop Boländerna,64,0.100000001,0.076923078
Stora Coop Boländerna,65,0.133640556,0.100000001
Stora Coop Boländerna,66,0.129032261,0.133640556
Stora Coop Boländerna,67,0.086956522,0.129032261
Stora Coop Boländerna,68,0.08108108,0.086956522
Stora Coop Boländerna,69,0.133047213,0.08108108
Stora Coop Boländerna,70,0.120331953,0.133047213
Stora Coop Boländerna,71,0.110000001,0.120331953
Stora Coop Boländerna,72,0.094972069,0.110000001
Stora Coop Boländerna,73,0.084967322,0.094972069
Stora Coop Boländerna,74,0.080924856,0.084967322
Stora Coop Boländerna,75,0.011627908,0.080924856
Stora Coop Boländerna,76,0.04819277,0.011627908
Stora Coop Boländerna,77,0,0.04819277
Stora Coop Boländerna,78,0,0
Stora Coop Boländerna,79,0,0
Kvarnen Spel & Tobak,46,0.141818185,0.179166668
Kvarnen Spel & Tobak,47,0.180722894,0.141818185
Kvarnen Spel & Tobak,48,0.11836735,0.180722894
Kvarnen Spel & Tobak,49,0.133093528,0.11836735
Kvarnen Spel & Tobak,50,0.170454545,0.133093528
Kvarnen Spel & Tobak,51,0.125714284,0.170454545
Kvarnen Spel & Tobak,52,0.158102769,0.125714284
Kvarnen Spel & Tobak,53,0.157676346,0.158102769
Kvarnen Spel & Tobak,54,0.159090909,0.157676346
Kvarnen Spel & Tobak,55,0.132978724,0.159090909
Kvarnen Spel & Tobak,56,0.118181822,0.132978724
Kvarnen Spel & Tobak,57,0.099056602,0.118181822
Kvarnen Spel & Tobak,58,0.096330278,0.099056602
Kvarnen Spel & Tobak,59,0.088372093,0.096330278
Kvarnen Spel & Tobak,60,0.108208955,0.088372093
Kvarnen Spel & Tobak,61,0.091575093,0.108208955
Kvarnen Spel & Tobak,62,0.091205212,0.091575093
Kvarnen Spel & Tobak,63,0.095092024,0.091205212
Kvarnen Spel & Tobak,64,0.071216618,0.095092024
Kvarnen Spel & Tobak,65,0.1,0.071216618
Kvarnen Spel & Tobak,66,0.097297298,0.1
Kvarnen Spel & Tobak,67,0.124999999,0.097297298
Kvarnen Spel & Tobak,68,0.119804398,0.124999999
Kvarnen Spel & Tobak,69,0.100233099,0.119804398
Kvarnen Spel & Tobak,70,0.084468666,0.100233099
Kvarnen Spel & Tobak,71,0.082914574,0.084468666
Kvarnen Spel & Tobak,72,0.067615658,0.082914574
Kvarnen Spel & Tobak,73,0.015810277,0.067615658
Kvarnen Spel & Tobak,74,0.051724139,0.015810277
Kvarnen Spel & Tobak,75,0.014150943,0.051724139
Kvarnen Spel & Tobak,76,0.011363637,0.014150943
Kvarnen Spel & Tobak,77,0.028591309,0.011363637
Kvarnen Spel & Tobak,78,0.008064516,0.028591309
Kvarnen Spel & Tobak,79,0.041666667,0.008064516
Ica Supermarket. Tunabackar,46,0.161643836,0.19183292
Ica Supermarket. Tunabackar,47,0.115979383,0.214623915
Ica Supermarket. Tunabackar,48,0.134831461,0.165923156
Ica Supermarket. Tunabackar,49,0.173913046,0.124936511
Ica Supermarket. Tunabackar,50,0.158311346,0.135082522
Ica Supermarket. Tunabackar,51,0.116915426,0.147855377
Ica Supermarket. Tunabackar,52,0.147169813,0.127109622
Ica Supermarket. Tunabackar,53,0.12406015,0.133484231
Ica Supermarket. Tunabackar,54,0.131578948,0.125243237
Ica Supermarket. Tunabackar,55,0.06995885,0.12544967
Ica Supermarket. Tunabackar,56,0.037037038,0.077527181
Ica Supermarket. Tunabackar,57,0.077464791,0.014884375
Ica Supermarket. Tunabackar,58,0.061371841,0.017834167
Ica Supermarket. Tunabackar,59,0.080000001,0.035623845
Ica Supermarket. Tunabackar,60,0.041322315,0.075409784
Ica Supermarket. Tunabackar,61,0.049019608,0.071893482
Ica Supermarket. Tunabackar,62,0.066115702,0.060990769
Ica Supermarket. Tunabackar,63,0.057142857,0.062096102
Ica Supermarket. Tunabackar,64,0.066805847,0.05735824
Ica Supermarket. Tunabackar,65,0.108007448,0.062129292
Ica Supermarket. Tunabackar,66,0.141284407,0.101708653
Ica Supermarket. Tunabackar,67,0.126110126,0.158512575
Ica Supermarket. Tunabackar,68,0.102214652,0.175039336
Ica Supermarket. Tunabackar,69,0.109567902,0.142219286
Ica Supermarket. Tunabackar,70,0.082987551,0.107055646
Ica Supermarket. Tunabackar,71,0.074509805,0.063028779
Ica Supermarket. Tunabackar,72,0.039215686,0.036681761
Ica Supermarket. Tunabackar,73,0.037356323,0.008538569
Ica Supermarket. Tunabackar,74,0.04013378,0.003413602
Ica Supermarket. Tunabackar,75,0.026431719,0.018936056
Ica Supermarket. Tunabackar,76,0.015075377,0.028209395
Ica Supermarket. Tunabackar,77,0,0.024056611
Ica Supermarket. Tunabackar,78,0,0.004427462
Ica Supermarket. Tunabackar,79,0.007936508,-0.010707314
Ica Supermarket Samköp,46,0.160104988,0.18820225
Ica Supermarket Samköp,47,0.177083336,0.160104988
Ica Supermarket Samköp,48,0.188442214,0.177083336
Ica Supermarket Samköp,49,0.147806007,0.188442214
Ica Supermarket Samköp,50,0.111979168,0.147806007
Ica Supermarket Samköp,51,0.155601662,0.111979168
Ica Supermarket Samköp,52,0.138743456,0.155601662
Ica Supermarket Samköp,53,0.153374237,0.138743456
Ica Supermarket Samköp,54,0.181818181,0.153374237
Ica Supermarket Samköp,55,0.106109328,0.181818181
Ica Supermarket Samköp,56,0.104477614,0.106109328
Ica Supermarket Samköp,57,0.094771243,0.104477614
Ica Supermarket Samköp,58,0.037463977,0.094771243
Ica Supermarket Samköp,59,0.062162163,0.037463977
Ica Supermarket Samköp,60,0.072386059,0.062162163
Ica Supermarket Samköp,61,0.089918256,0.072386059
Ica Supermarket Samköp,62,0.087962962,0.089918256
Ica Supermarket Samköp,63,0.070476192,0.087962962
Ica Supermarket Samköp,64,0.129411764,0.070476192
Ica Supermarket Samköp,65,0.112903226,0.129411764
Ica Supermarket Samköp,66,0.138842975,0.112903226
Ica Supermarket Samköp,67,0.124567473,0.138842975
Ica Supermarket Samköp,68,0.138138139,0.124567473
Ica Supermarket Samköp,69,0.104411767,0.138138139
Ica Supermarket Samköp,70,0.090395481,0.104411767
Ica Supermarket Samköp,71,0.073504274,0.090395481
Ica Supermarket Samköp,72,0.063981044,0.073504274
Ica Supermarket Samköp,73,0.033591731,0.063981044
Ica Supermarket Samköp,74,0.044585987,0.033591731
Ica Supermarket Samköp,75,0.02027027,0.044585987
Ica Supermarket Samköp,76,0.032786887,0.02027027
Ica Supermarket Samköp,77,0.013449367,0.032786887
Ica Supermarket Samköp,78,0,0.013449367
Ica Supermarket Samköp,79,0.020689655,0
Ica Nära Råbyvägen,46,0.199052132,0.153409091
Ica Nära Råbyvägen,47,0.251256283,0.199052132
Ica Nära Råbyvägen,48,0.214912282,0.251256283
Ica Nära Råbyvägen,49,0.210526317,0.214912282
Ica Nära Råbyvägen,50,0.151832465,0.210526317
Ica Nära Råbyvägen,51,0.154867255,0.151832465
Ica Nära Råbyvägen,52,0.191860466,0.154867255
Ica Nära Råbyvägen,53,0.169312175,0.191860466
Ica Nära Råbyvägen,54,0.137724556,0.169312175
Ica Nära Råbyvägen,55,0.164835165,0.137724556
Ica Nära Råbyvägen,56,0.156069362,0.164835165
Ica Nära Råbyvägen,57,0.126829272,0.156069362
Ica Nära Råbyvägen,58,0.080645162,0.126829272
Ica Nära Råbyvägen,59,0.087628866,0.080645162
Ica Nära Råbyvägen,60,0.069892474,0.087628866
Ica Nära Råbyvägen,61,0.059139786,0.069892474
Ica Nära Råbyvägen,62,0.074626866,0.059139786
Ica Nära Råbyvägen,63,0.061855671,0.074626866
Ica Nära Råbyvägen,64,0.086956521,0.061855671
Ica Nära Råbyvägen,65,0.08913649,0.086956521
Ica Nära Råbyvägen,66,0.115384616,0.08913649
Ica Nära Råbyvägen,67,0.183279741,0.115384616
Ica Nära Råbyvägen,68,0.161202188,0.183279741
Ica Nära Råbyvägen,69,0.106172843,0.161202188
Ica Nära Råbyvägen,70,0.121019107,0.106172843
Ica Nära Råbyvägen,71,0.126582282,0.121019107
Ica Nära Råbyvägen,72,0.066079295,0.126582282
Ica Nära Råbyvägen,73,0.05263158,0.066079295
Ica Nära Råbyvägen,74,0.041450778,0.05263158
Ica Nära Råbyvägen,75,0.020408163,0.041450778
Ica Nära Råbyvägen,76,0.020979021,0.020408163
Ica Nära Råbyvägen,77,0.006969697,0.020979021
Ica Nära Råbyvägen,78,0.021739131,0.006969697
Ica Nära Råbyvägen,79,0.010752688,0.021739131
Ica Nära Brantingstorg,46,0.185328186,0.150442477
Ica Nära Brantingstorg,47,0.18487395,0.185328186
Ica Nära Brantingstorg,48,0.175373137,0.18487395
Ica Nära Brantingstorg,49,0.161870502,0.175373137
Ica Nära Brantingstorg,50,0.18623482,0.161870502
Ica Nära Brantingstorg,51,0.138554217,0.18623482
Ica Nära Brantingstorg,52,0.102564102,0.138554217
Ica Nära Brantingstorg,53,0.228571427,0.102564102
Ica Nära Brantingstorg,54,0.188405801,0.228571427
Ica Nära Brantingstorg,55,0.123595506,0.188405801
Ica Nära Brantingstorg,56,0.114678901,0.123595506
Ica Nära Brantingstorg,57,0.096446703,0.114678901
Ica Nära Brantingstorg,58,0.11707317,0.096446703
Ica Nära Brantingstorg,59,0.09090909,0.11707317
Ica Nära Brantingstorg,60,0.086419754,0.09090909
Ica Nära Brantingstorg,61,0.097826088,0.086419754
Ica Nära Brantingstorg,62,0.054607508,0.097826088
Ica Nära Brantingstorg,63,0.101123595,0.054607508
Ica Nära Brantingstorg,64,0.100490196,0.101123595
Ica Nära Brantingstorg,65,0.097323601,0.100490196
Ica Nära Brantingstorg,66,0.134020619,0.097323601
Ica Nära Brantingstorg,67,0.145833333,0.134020619
Ica Nära Brantingstorg,68,0.112359552,0.145833333
Ica Nära Brantingstorg,69,0.125260963,0.112359552
Ica Nära Brantingstorg,70,0.086206896,0.125260963
Ica Nära Brantingstorg,71,0.065491184,0.086206896
Ica Nära Brantingstorg,72,0.05960265,0.065491184
Ica Nära Brantingstorg,73,0.040293041,0.05960265
Ica Nära Brantingstorg,74,0.020100503,0.040293041
Ica Nära Brantingstorg,75,0.035502959,0.020100503
Ica Nära Brantingstorg,76,0.006451613,0.035502959
Ica Nära Brantingstorg,77,0.016325038,0.006451613
Ica Nära Brantingstorg,78,0,0.016325038
Ica Nära Brantingstorg,79,0.01010101,0
Årsta Travcafè,46,0.184397165,0.13469751
Årsta Travcafè,47,0.136363641,0.181380396
Årsta Travcafè,48,0.141843973,0.162541805
Årsta Travcafè,49,0.179310348,0.138857204
Årsta Travcafè,50,0.153153155,0.158891257
Årsta Travcafè,51,0.18918919,0.167408767
Årsta Travcafè,52,0.190909096,0.169549631
Årsta Travcafè,53,0.141414146,0.189971751
Årsta Travcafè,54,0.163265308,0.168388784
Årsta Travcafè,55,0.090909088,0.151356473
Årsta Travcafè,56,0.076923078,0.130343067
Årsta Travcafè,57,0.078651686,0.084545422
Årsta Travcafè,58,0.090000002,0.077709598
Årsta Travcafè,59,0.126050423,0.083815195
Årsta Travcafè,60,0.053097345,0.106403023
Årsta Travcafè,61,0.040322581,0.092856611
Årsta Travcafè,62,0.076335877,0.047284799
Årsta Travcafè,63,0.077844309,0.056708711
Årsta Travcafè,64,0.084507044,0.077022217
Årsta Travcafè,65,0.095454546,0.080875868
Årsta Travcafè,66,0.156626504,0.089488182
Årsta Travcafè,67,0.137931037,0.123287923
Årsta Travcafè,68,0.131818184,0.148120025
Årsta Travcafè,69,0.081339712,0.135149675
Årsta Travcafè,70,0.051401869,0.108850367
Årsta Travcafè,71,0.055276383,0.067717927
Årsta Travcafè,72,0.069230769,0.053164781
Årsta Travcafè,73,0.062500001,0.06162566
Årsta Travcafè,74,0.085714285,0.066168255
Årsta Travcafè,75,0.045977012,0.073062552
Årsta Travcafè,76,0.015625,0.067633738
Årsta Travcafè,77,0,0.032166779
Årsta Travcafè,78,0,0.00851559
Årsta Travcafè,79,0.023809523,-3.46945E-18
Willys Uppsala Gränby,46,0.210526321,0.179508715
Willys Uppsala Gränby,47,0.13294798,0.259892303
Willys Uppsala Gränby,48,0.142857144,0.116004447
Willys Uppsala Gränby,49,0.133333332,0.114933696
Willys Uppsala Gränby,50,0.108974359,0.132213008
Willys Uppsala Gränby,51,0.133333333,0.091030621
Willys Uppsala Gränby,52,0.159235669,0.136624988
Willys Uppsala Gränby,53,0.093525181,0.184470602
Willys Uppsala Gränby,54,0.125000001,0.067431235
Willys Uppsala Gränby,55,0.080808081,0.114448545
Willys Uppsala Gränby,56,0.11382114,0.069337067
Willys Uppsala Gränby,57,0.060869566,0.113448106
Willys Uppsala Gränby,58,0.039370078,0.045092062
Willys Uppsala Gränby,59,0.056179775,0.004269624
Willys Uppsala Gränby,60,0.036144579,0.05642326
Willys Uppsala Gränby,61,0.026490066,0.032042384
Willys Uppsala Gränby,62,0.099137934,0.012346588
Willys Uppsala Gränby,63,0.084942085,0.136195416
Willys Uppsala Gränby,64,0.098305085,0.108300452
Willys Uppsala Gränby,65,0.073529412,0.099750689
Willys Uppsala Gränby,66,0.132686086,0.065246215
Willys Uppsala Gränby,67,0.159722224,0.155547521
Willys Uppsala Gränby,68,0.120401337,0.200648389
Willys Uppsala Gränby,69,0.088524592,0.109775514
Willys Uppsala Gränby,70,0.091803278,0.053428743
Willys Uppsala Gränby,71,0.065040652,0.079879544
Willys Uppsala Gränby,72,0.056818182,0.051268925
Willys Uppsala Gränby,73,0.044025157,0.04057831
Willys Uppsala Gränby,74,0.049295776,0.033208597
Willys Uppsala Gränby,75,0.016949153,0.046755053
Willys Uppsala Gränby,76,0.036363637,0.000869522
Willys Uppsala Gränby,77,0.025679012,0.033394835
Willys Uppsala Gränby,78,0,0.028010279
Willys Uppsala Gränby,79,0,-0.019194922
Ica Nära Rosendal,46,0.168224297,0.151960786
Ica Nära Rosendal,47,0.117647059,0.168224297
Ica Nära Rosendal,48,0.117370892,0.117647059
Ica Nära Rosendal,49,0.14545455,0.117370892
Ica Nära Rosendal,50,0.126213592,0.14545455
Ica Nära Rosendal,51,0.089795918,0.126213592
Ica Nära Rosendal,52,0.130434784,0.089795918
Ica Nära Rosendal,53,0.218934909,0.130434784
Ica Nära Rosendal,54,0.194444446,0.218934909
Ica Nära Rosendal,55,0.141843977,0.194444446
Ica Nära Rosendal,56,0.086092712,0.141843977
Ica Nära Rosendal,57,0.021276595,0.086092712
Ica Nära Rosendal,58,0.064171122,0.021276595
Ica Nära Rosendal,59,0.097560978,0.064171122
Ica Nära Rosendal,60,0.050209205,0.097560978
Ica Nära Rosendal,61,0.130434786,0.050209205
Ica Nära Rosendal,62,0.086642598,0.130434786
Ica Nära Rosendal,63,0.061475409,0.086642598
Ica Nära Rosendal,64,0.08,0.061475409
Ica Nära Rosendal,65,0.111111112,0.08
Ica Nära Rosendal,66,0.134986226,0.111111112
Ica Nära Rosendal,67,0.169096209,0.134986226
Ica Nära Rosendal,68,0.09552239,0.169096209
Ica Nära Rosendal,69,0.134670489,0.09552239
Ica Nära Rosendal,70,0.100543478,0.134670489
Ica Nära Rosendal,71,0.068749999,0.100543478
Ica Nära Rosendal,72,0.066666668,0.068749999
Ica Nära Rosendal,73,0.035000001,0.066666668
Ica Nära Rosendal,74,0.040935672,0.035000001
Ica Nära Rosendal,75,0.019354839,0.040935672
Ica Nära Rosendal,76,0.030487806,0.019354839
Ica Nära Rosendal,77,0.035882191,0.030487806
Ica Nära Rosendal,78,0,0.035882191
Ica Nära Rosendal,79,0.020618557,0
Willys Uppsala Gottsunda,46,0.202702705,0.239032774
Willys Uppsala Gottsunda,47,0.176829268,0.213904195
Willys Uppsala Gottsunda,48,0.174262737,0.177376753
Willys Uppsala Gottsunda,49,0.159891598,0.173915365
Willys Uppsala Gottsunda,50,0.141955836,0.1555143
Willys Uppsala Gottsunda,51,0.142465754,0.133682324
Willys Uppsala Gottsunda,52,0.215151515,0.136716284
Willys Uppsala Gottsunda,53,0.190476193,0.2319415
Willys Uppsala Gottsunda,54,0.192810461,0.195350545
Willys Uppsala Gottsunda,55,0.196969699,0.196954885
Willys Uppsala Gottsunda,56,0.142335768,0.20111838
Willys Uppsala Gottsunda,57,0.084942086,0.129592447
Willys Uppsala Gottsunda,58,0.056603775,0.059367863
Willys Uppsala Gottsunda,59,0.053846155,0.030235253
Willys Uppsala Gottsunda,60,0.076115487,0.034262554
Willys Uppsala Gottsunda,61,0.079365083,0.068558909
Willys Uppsala Gottsunda,62,0.073972603,0.074913809
Willys Uppsala Gottsunda,63,0.111344539,0.06925086
Willys Uppsala Gottsunda,64,0.155357145,0.118719001
Willys Uppsala Gottsunda,65,0.129757787,0.173260087
Willys Uppsala Gottsunda,66,0.222608699,0.135159738
Willys Uppsala Gottsunda,67,0.172084132,0.253140326
Willys Uppsala Gottsunda,68,0.187607572,0.179323134
Willys Uppsala Gottsunda,69,0.122866893,0.197227222
Willys Uppsala Gottsunda,70,0.087591243,0.111118068
Willys Uppsala Gottsunda,71,0.113772457,0.069081658
Willys Uppsala Gottsunda,72,0.060810811,0.108105395
Willys Uppsala Gottsunda,73,0.056234719,0.041552992
Willys Uppsala Gottsunda,74,0.059701494,0.041195899
Willys Uppsala Gottsunda,75,0.056140351,0.049980514
Willys Uppsala Gottsunda,76,0.016597511,0.048189486
Willys Uppsala Gottsunda,77,0.00857538,-0.000431748
Willys Uppsala Gottsunda,78,0,-0.005865555
Willys Uppsala Gottsunda,79,0.006944444,-0.012755386
Ica Supermarket Sävja,46,0.147783256,0.080226463
Ica Supermarket Sävja,47,0.153846157,0.123642477
Ica Supermarket Sävja,48,0.174887892,0.128714987
Ica Supermarket Sävja,49,0.14761905,0.1463195
Ica Supermarket Sävja,50,0.167567569,0.123505094
Ica Supermarket Sävja,51,0.144385029,0.140194971
Ica Supermarket Sävja,52,0.217948722,0.120799359
Ica Supermarket Sävja,53,0.233082707,0.182346232
Ica Supermarket Sävja,54,0.182432439,0.195008041
Ica Supermarket Sävja,55,0.122302162,0.152631626
Ica Supermarket Sävja,56,0.104395606,0.102323786
Ica Supermarket Sävja,57,0.080882353,0.087342312
Ica Supermarket Sävja,58,0.039370079,0.06767001
Ica Supermarket Sävja,59,0.105633803,0.032938874
Ica Supermarket Sävja,60,0.073033708,0.088378247
Ica Supermarket Sävja,61,0.038674034,0.061103462
Ica Supermarket Sävja,62,0.064356439,0.03235653
Ica Supermarket Sävja,63,0.075555559,0.053843647
Ica Supermarket Sävja,64,0.133858271,0.063213362
Ica Supermarket Sävja,65,0.061371841,0.111992174
Ica Supermarket Sävja,66,0.172910664,0.051346591
Ica Supermarket Sävja,67,0.16878981,0.144665258
Ica Supermarket Sävja,68,0.140845072,0.141217556
Ica Supermarket Sävja,69,0.125786165,0.117837663
Ica Supermarket Sävja,70,0.05956113,0.105238668
Ica Supermarket Sävja,71,0.087227414,0.049831665
Ica Supermarket Sävja,72,0.116666668,0.072978589
Ica Supermarket Sävja,73,0.057416267,0.097608864
Ica Supermarket Sävja,74,0.030864198,0.048037171
Ica Supermarket Sävja,75,0.006622517,0.025822451
Ica Supermarket Sävja,76,0.010416667,0.005540712
Ica Supermarket Sävja,77,0,0.008715077
Ica Supermarket Sävja,78,0,0
Ica Supermarket Sävja,79,0,0
Willys Skutskär,46,0.106060606,0.031267469
Willys Skutskär,47,0.128440369,0.031267469
Willys Skutskär,48,0.065217391,0.031267469
Willys Skutskär,49,0.100917432,0.031267469
Willys Skutskär,50,0.218309864,0.031267469
Willys Skutskär,51,0.166666669,0.031267469
Willys Skutskär,52,0.264285719,0.031267469
Willys Skutskär,53,0.261261268,0.031267469
Willys Skutskär,54,0.176991154,0.031267469
Willys Skutskär,55,0.081632654,0.031267469
Willys Skutskär,56,0.168316833,0.031267469
Willys Skutskär,57,0.100000003,0.031267469
Willys Skutskär,58,0.127450979,0.031267469
Willys Skutskär,59,0.136842104,0.031267469
Willys Skutskär,60,0.181818187,0.031267469
Willys Skutskär,61,0.142857145,0.031267469
Willys Skutskär,62,0.192622952,0.031267469
Willys Skutskär,63,0.101398603,0.031267469
Willys Skutskär,64,0.142292493,0.031267469
Willys Skutskär,65,0.168776377,0.031267469
Willys Skutskär,66,0.119718312,0.031267469
Willys Skutskär,67,0.194285712,0.031267469
Willys Skutskär,68,0.100558661,0.031267469
Willys Skutskär,69,0.109589041,0.031267469
Willys Skutskär,70,0.126373627,0.031267469
Willys Skutskär,71,0.093922653,0.031267469
Willys Skutskär,72,0.162162167,0.031267469
Willys Skutskär,73,0.06140351,0.031267469
Willys Skutskär,74,0.033333335,0.031267469
Willys Skutskär,75,0.013157895,0.031267469
Willys Skutskär,76,0.027397261,0.031267469
Willys Skutskär,77,0.031094529,0.031267469
Willys Skutskär,78,0,0.031267469
Willys Skutskär,79,0.023255814,0.031267469
Coop Älvkarleby,46,0.05,0.095248146
Coop Älvkarleby,47,0.066666667,0.044796527
Coop Älvkarleby,48,0.069767444,0.058010047
Coop Älvkarleby,49,0.081632654,0.060468378
Coop Älvkarleby,50,0.179104478,0.069875249
Coop Älvkarleby,51,0.183098595,0.147152001
Coop Älvkarleby,52,0.086956521,0.150318582
Coop Älvkarleby,53,0.136363636,0.07409607
Coop Älvkarleby,54,0.145454551,0.113266584
Coop Älvkarleby,55,0.103448277,0.120473963
Coop Älvkarleby,56,0.076923083,0.087170919
Coop Älvkarleby,57,0.068965519,0.066141448
Coop Älvkarleby,58,0.023255814,0.059832603
Coop Älvkarleby,59,0.029411767,0.023593437
Coop Älvkarleby,60,0.068181819,0.028473946
Coop Älvkarleby,61,0.169811324,0.059211277
Coop Älvkarleby,62,0.151898737,0.139784285
Coop Älvkarleby,63,0.022727273,0.125582986
Coop Älvkarleby,64,0.116883119,0.023174404
Coop Älvkarleby,65,0.063492063,0.097822212
Coop Älvkarleby,66,0.10416667,0.055493186
Coop Älvkarleby,67,0.16393443,0.087740469
Coop Älvkarleby,68,0.130434786,0.135125018
Coop Älvkarleby,69,0.101449275,0.108566125
Coop Älvkarleby,70,0.180327874,0.085586088
Coop Älvkarleby,71,0.034482759,0.148121923
Coop Älvkarleby,72,0.047619049,0.032494285
Coop Älvkarleby,73,0.032258065,0.042908882
Coop Älvkarleby,74,0,0.030730523
Coop Älvkarleby,75,0.058823533,0.005155968
Coop Älvkarleby,76,0,0.051791923
Coop Älvkarleby,77,0,0.005155968
Coop Älvkarleby,78,0,0.005155968
Coop Älvkarleby,79,0,0.005155968
Ica Supermarket Tierp,46,0.060606062,0.025776965
Ica Supermarket Tierp,47,0.085526316,0.025776965
Ica Supermarket Tierp,48,0.142857148,0.025776965
Ica Supermarket Tierp,49,0.10550459,0.025776965
Ica Supermarket Tierp,50,0.177865618,0.025776965
Ica Supermarket Tierp,51,0.129692833,0.025776965
Ica Supermarket Tierp,52,0.169312171,0.025776965
Ica Supermarket Tierp,53,0.21645022,0.025776965
Ica Supermarket Tierp,54,0.15740741,0.025776965
Ica Supermarket Tierp,55,0.161458335,0.025776965
Ica Supermarket Tierp,56,0.137142858,0.025776965
Ica Supermarket Tierp,57,0.053140097,0.025776965
Ica Supermarket Tierp,58,0.046783625,0.025776965
Ica Supermarket Tierp,59,0.056603775,0.025776965
Ica Supermarket Tierp,60,0.1147541,0.025776965
Ica Supermarket Tierp,61,0.104265404,0.025776965
Ica Supermarket Tierp,62,0.112068966,0.025776965
Ica Supermarket Tierp,63,0.063909775,0.025776965
Ica Supermarket Tierp,64,0.100671143,0.025776965
Ica Supermarket Tierp,65,0.149870801,0.025776965
Ica Supermarket Tierp,66,0.169014086,0.025776965
Ica Supermarket Tierp,67,0.208556154,0.025776965
Ica Supermarket Tierp,68,0.117370894,0.025776965
Ica Supermarket Tierp,69,0.086021505,0.025776965
Ica Supermarket Tierp,70,0.063559322,0.025776965
Ica Supermarket Tierp,71,0.072000001,0.025776965
Ica Supermarket Tierp,72,0.067357515,0.025776965
Ica Supermarket Tierp,73,0.041025642,0.025776965
Ica Supermarket Tierp,74,0.071005919,0.025776965
Ica Supermarket Tierp,75,0.024590164,0.025776965
Ica Supermarket Tierp,76,0.054545455,0.025776965
Ica Supermarket Tierp,77,0.008849558,0.025776965
Ica Supermarket Tierp,78,0,0.025776965
Ica Supermarket Tierp,79,0.013333333,0.025776965
Ica Nära Tallen,46,0,0
Ica Nära Tallen,47,0,0
Ica Nära Tallen,48,0.062500001,0
Ica Nära Tallen,49,0.090909092,0
Ica Nära Tallen,50,0.150000003,0
Ica Nära Tallen,51,0.093749999,0
Ica Nära Tallen,52,0.117647063,0
Ica Nära Tallen,53,0.055555557,0
Ica Nära Tallen,54,0,0
Ica Nära Tallen,55,0,0
Ica Nära Tallen,56,0,0
Ica Nära Tallen,57,0,0
Ica Nära Tallen,58,0.083333335,0
Ica Nära Tallen,59,0,0
Ica Nära Tallen,60,0.125000005,0
Ica Nära Tallen,61,0.090909094,0
Ica Nära Tallen,62,0.04761905,0
Ica Nära Tallen,63,0.108108109,0
Ica Nära Tallen,64,0.131578949,0
Ica Nära Tallen,65,0.085106384,0
Ica Nära Tallen,66,0.021276597,0
Ica Nära Tallen,67,0.099999999,0
Ica Nära Tallen,68,0.161290318,0
Ica Nära Tallen,69,0.166666667,0
Ica Nära Tallen,70,0.125000008,0
Ica Nära Tallen,71,0.02631579,0
Ica Nära Tallen,72,0,0
Ica Nära Tallen,73,0,0
Ica Nära Tallen,74,0,0
Ica Nära Tallen,75,0,0
Ica Nära Tallen,76,0,0
Ica Nära Tallen,77,0,0
Ica Nära Tallen,78,0,0
Ica Nära Tallen,79,0,0
Ica Nära Söderfors,46,0.205128205,0.138984726
Ica Nära Söderfors,47,0.243243241,0.166981775
Ica Nära Söderfors,48,0.250000009,0.19926154
Ica Nära Söderfors,49,0.108108111,0.220737994
Ica Nära Söderfors,50,0.233333337,0.173064295
Ica Nära Söderfors,51,0.174999999,0.198574827
Ica Nära Söderfors,52,0.260869572,0.188596132
Ica Nära Söderfors,53,0,0.219187856
Ica Nära Söderfors,54,0.136363637,0.12641056
Ica Nära Söderfors,55,0.09375,0.130623474
Ica Nära Söderfors,56,0.250000004,0.115015761
Ica Nära Söderfors,57,0.052631584,0.172151559
Ica Nära Söderfors,58,0,0.121561438
Ica Nära Söderfors,59,0.075000001,0.070107212
Ica Nära Söderfors,60,0.30769231,0.07217822
Ica Nära Söderfors,61,0.115384615,0.171866044
Ica Nära Söderfors,62,0.214285718,0.147958724
Ica Nära Söderfors,63,0.225000009,0.176033451
Ica Nära Söderfors,64,0.090909095,0.196759895
Ica Nära Söderfors,65,0.19565218,0.151955629
Ica Nära Söderfors,66,0.18750001,0.170451397
Ica Nära Söderfors,67,0.280701758,0.177667692
Ica Nära Söderfors,68,0.085714287,0.221279698
Ica Nära Söderfors,69,0.093750003,0.163897905
Ica Nära Söderfors,70,0.200000003,0.134205873
Ica Nära Söderfors,71,0.090909094,0.162055051
Ica Nära Söderfors,72,0.043478262,0.131940565
Ica Nära Söderfors,73,0,0.094496459
Ica Nära Söderfors,74,0,0.054498231
Ica Nära Söderfors,75,0,0.031430354
Ica Nära Söderfors,76,0,0.018126591
Ica Nära Söderfors,77,0,0.010454012
Ica Nära Söderfors,78,0,0.006029064
Ica Nära Söderfors,79,0,0.003477096
Ica Torget Skärplinge,46,0.066666668,0
Ica Torget Skärplinge,47,0.058823529,0
Ica Torget Skärplinge,48,0.056603773,0
Ica Torget Skärplinge,49,0.051948054,0
Ica Torget Skärplinge,50,0.06153846,0
Ica Torget Skärplinge,51,0.146067417,0
Ica Torget Skärplinge,52,0.287878794,0
Ica Torget Skärplinge,53,0.104477613,0
Ica Torget Skärplinge,54,0.080645165,0
Ica Torget Skärplinge,55,0.023255815,0
Ica Torget Skärplinge,56,0,0
Ica Torget Skärplinge,57,0,0
Ica Torget Skärplinge,58,0,0
Ica Torget Skärplinge,59,0,0
Ica Torget Skärplinge,60,0.069767444,0
Ica Torget Skärplinge,61,0.109090912,0
Ica Torget Skärplinge,62,0.141414139,0
Ica Torget Skärplinge,63,0.102040818,0
Ica Torget Skärplinge,64,0.098765433,0
Ica Torget Skärplinge,65,0.090909089,0
Ica Torget Skärplinge,66,0.020000001,0
Ica Torget Skärplinge,67,0.05,0
Ica Torget Skärplinge,68,0.025974027,0
Ica Torget Skärplinge,69,0.131578946,0
Ica Torget Skärplinge,70,0.133333335,0
Ica Torget Skärplinge,71,0.115942027,0
Ica Torget Skärplinge,72,0.085106385,0
Ica Torget Skärplinge,73,0.041666667,0
Ica Torget Skärplinge,74,0.078431374,0
Ica Torget Skärplinge,75,0.178571426,0
Ica Torget Skärplinge,76,0,0
Ica Torget Skärplinge,77,0,0
Ica Torget Skärplinge,78,0,0
Ica Torget Skärplinge,79,0,0
Coop Karlholm,46,0.043478262,0.041666666
Coop Karlholm,47,0.234042556,0.043478262
Coop Karlholm,48,0.10810811,0.234042556
Coop Karlholm,49,0.107526884,0.10810811
Coop Karlholm,50,0.159090908,0.107526884
Coop Karlholm,51,0.083333332,0.159090908
Coop Karlholm,52,0.117647063,0.083333332
Coop Karlholm,53,0.217391311,0.117647063
Coop Karlholm,54,0.045454547,0.217391311
Coop Karlholm,55,0.086956527,0.045454547
Coop Karlholm,56,0.047619051,0.086956527
Coop Karlholm,57,0,0.047619051
Coop Karlholm,58,0,0
Coop Karlholm,59,0.096774196,0
Coop Karlholm,60,0.100000001,0.096774196
Coop Karlholm,61,0.058823532,0.100000001
Coop Karlholm,62,0.086956524,0.058823532
Coop Karlholm,63,0.083333335,0.086956524
Coop Karlholm,64,0.104477616,0.083333335
Coop Karlholm,65,0.118421051,0.104477616
Coop Karlholm,66,0.105263162,0.118421051
Coop Karlholm,67,0.062499999,0.105263162
Coop Karlholm,68,0.03125,0.062499999
Coop Karlholm,69,0.10810811,0.03125
Coop Karlholm,70,0,0.10810811
Coop Karlholm,71,0.046511629,0
Coop Karlholm,72,0.043478259,0.046511629
Coop Karlholm,73,0.03448276,0.043478259
Coop Karlholm,74,0.035714286,0.03448276
Coop Karlholm,75,0.100000001,0.035714286
Coop Karlholm,76,0,0.100000001
Coop Karlholm,77,0,0
Coop Karlholm,78,0,0
Coop Karlholm,79,0,0
